VillaId,ReserveId_1,UserId_1,Entry_1,Exit_1,ReserveId_2,UserId_2,Entry_2,Exit_2
39,110952,281678,2024-04-28 00:00:00,2024-04-29 00:00:00,110969,262782,2024-04-28 00:00:00,2024-04-30 00:00:00
145,46001,7,2024-05-26 03:00:00,2024-05-28 03:00:00,63997,173423,2024-05-28 00:00:00,2024-05-29 00:00:00
185,22365,65704,2023-06-15 00:00:00,2023-06-20 00:00:00,149157,343264,2023-06-19 00:00:00,2023-06-21 00:00:00
185,7673,23553,2025-02-09 00:00:00,2025-02-11 00:00:00,152612,369558,2025-02-10 00:00:00,2025-02-11 00:00:00
262,43529,7,2023-08-13 03:00:00,2023-08-14 03:00:00,98648,837,2023-08-14 00:00:00,2023-08-15 00:00:00
306,79092,209394,2023-06-04 00:00:00,2023-06-07 00:00:00,54734,150463,2023-06-06 00:00:00,2023-06-08 00:00:00
306,65892,177968,2023-11-16 00:00:00,2023-11-17 00:00:00,56521,154799,2023-11-16 00:00:00,2023-11-17 00:00:00
340,96243,7,2023-10-02 03:00:00,2023-10-03 03:00:00,13609,40853,2023-10-03 00:00:00,2023-10-05 00:00:00
398,11454,417,2022-10-12 00:00:00,2022-10-13 00:00:00,121008,303876,2022-10-12 00:00:00,2022-10-13 00:00:00
405,34584,98564,2023-09-28 00:00:00,2023-09-29 00:00:00,13024,39225,2023-09-28 00:00:00,2023-09-29 00:00:00
405,68245,4490,2023-10-10 00:00:00,2023-10-11 00:00:00,134839,332917,2023-10-10 00:00:00,2023-10-11 00:00:00
405,113027,286413,2023-10-24 00:00:00,2023-10-25 00:00:00,14672,43890,2023-10-24 00:00:00,2023-10-25 00:00:00
405,113027,286413,2023-10-24 00:00:00,2023-10-25 00:00:00,100261,257206,2023-10-24 00:00:00,2023-10-25 00:00:00
405,14672,43890,2023-10-24 00:00:00,2023-10-25 00:00:00,100261,257206,2023-10-24 00:00:00,2023-10-25 00:00:00
405,2269,7070,2023-10-25 00:00:00,2023-10-30 00:00:00,2772,8613,2023-10-29 00:00:00,2023-10-31 00:00:00
405,76727,203752,2023-11-22 00:00:00,2023-11-24 00:00:00,106424,271394,2023-11-23 00:00:00,2023-11-24 00:00:00
405,56713,155334,2023-11-27 00:00:00,2023-11-29 00:00:00,65635,177337,2023-11-27 00:00:00,2023-11-30 00:00:00
405,56713,155334,2023-11-27 00:00:00,2023-11-29 00:00:00,76459,19679,2023-11-28 00:00:00,2023-11-29 00:00:00
405,65635,177337,2023-11-27 00:00:00,2023-11-30 00:00:00,76459,19679,2023-11-28 00:00:00,2023-11-29 00:00:00
405,116942,295008,2023-12-01 00:00:00,2023-12-04 00:00:00,86220,225740,2023-12-03 00:00:00,2023-12-05 00:00:00
405,14438,43234,2023-12-08 00:00:00,2023-12-09 00:00:00,14344,42922,2023-12-08 00:00:00,2023-12-10 00:00:00
405,14416,43149,2023-12-10 00:00:00,2023-12-12 00:00:00,36603,103494,2023-12-11 00:00:00,2023-12-12 00:00:00
405,3887,11890,2023-12-25 00:00:00,2023-12-27 00:00:00,67030,180704,2023-12-26 00:00:00,2023-12-27 00:00:00
405,77620,205877,2023-12-28 00:00:00,2023-12-29 00:00:00,57066,156205,2023-12-28 00:00:00,2023-12-30 00:00:00
405,97950,252217,2024-01-01 00:00:00,2024-01-02 00:00:00,97891,188315,2024-01-01 00:00:00,2024-01-02 00:00:00
405,113356,287135,2024-03-06 00:00:00,2024-03-07 00:00:00,102992,263377,2024-03-06 00:00:00,2024-03-07 00:00:00
405,35971,102022,2024-04-06 00:00:00,2024-04-07 00:00:00,46362,16291,2024-04-06 00:00:00,2024-04-07 00:00:00
405,74565,198590,2024-04-19 00:00:00,2024-04-20 00:00:00,55960,153434,2024-04-19 00:00:00,2024-04-21 00:00:00
405,56117,153818,2024-04-27 00:00:00,2024-04-30 00:00:00,46610,129635,2024-04-28 00:00:00,2024-04-29 00:00:00
405,113771,208108,2024-06-14 00:00:00,2024-06-15 00:00:00,104429,266631,2024-06-14 00:00:00,2024-06-16 00:00:00
405,104429,266631,2024-06-14 00:00:00,2024-06-16 00:00:00,93801,242686,2024-06-15 00:00:00,2024-06-16 00:00:00
405,104429,266631,2024-06-14 00:00:00,2024-06-16 00:00:00,83282,218848,2024-06-15 00:00:00,2024-06-19 00:00:00
405,93801,242686,2024-06-15 00:00:00,2024-06-16 00:00:00,83282,218848,2024-06-15 00:00:00,2024-06-19 00:00:00
405,83282,218848,2024-06-15 00:00:00,2024-06-19 00:00:00,93820,242725,2024-06-17 00:00:00,2024-06-18 00:00:00
405,83282,218848,2024-06-15 00:00:00,2024-06-19 00:00:00,104598,267050,2024-06-18 00:00:00,2024-06-19 00:00:00
405,5652,17249,2024-07-25 00:00:00,2024-07-26 00:00:00,145286,335707,2024-07-25 00:00:00,2024-07-26 00:00:00
405,47937,105565,2024-08-07 00:00:00,2024-08-08 00:00:00,47866,132775,2024-08-07 00:00:00,2024-08-08 00:00:00
405,48121,133415,2024-08-08 00:00:00,2024-08-09 00:00:00,47895,132878,2024-08-08 00:00:00,2024-08-10 00:00:00
405,127401,317414,2024-08-28 00:00:00,2024-08-30 00:00:00,108067,275078,2024-08-28 00:00:00,2024-08-29 00:00:00
405,79869,211240,2024-10-02 00:00:00,2024-10-03 00:00:00,69527,186642,2024-10-02 00:00:00,2024-10-03 00:00:00
405,69334,186184,2024-10-06 00:00:00,2024-10-09 00:00:00,80238,212013,2024-10-08 00:00:00,2024-10-11 00:00:00
405,120178,301973,2024-10-17 00:00:00,2024-10-19 00:00:00,129615,322211,2024-10-18 00:00:00,2024-10-19 00:00:00
405,120178,301973,2024-10-17 00:00:00,2024-10-19 00:00:00,129651,196215,2024-10-18 00:00:00,2024-10-19 00:00:00
405,129615,322211,2024-10-18 00:00:00,2024-10-19 00:00:00,129651,196215,2024-10-18 00:00:00,2024-10-19 00:00:00
405,6205,7,2024-10-24 03:00:00,2024-10-25 03:00:00,138850,341364,2024-10-25 00:00:00,2024-10-27 00:00:00
405,60002,163380,2024-11-11 00:00:00,2024-11-12 00:00:00,71520,191387,2024-11-11 00:00:00,2024-11-12 00:00:00
405,6734,20613,2024-11-27 00:00:00,2024-11-30 00:00:00,17663,52246,2024-11-28 00:00:00,2024-12-01 00:00:00
405,40055,112616,2024-12-31 00:00:00,2025-01-02 00:00:00,28587,82642,2024-12-31 00:00:00,2025-01-01 00:00:00
405,40055,112616,2024-12-31 00:00:00,2025-01-02 00:00:00,18174,53717,2025-01-01 00:00:00,2025-01-03 00:00:00
405,60668,164967,2025-01-13 00:00:00,2025-01-14 00:00:00,69909,160599,2025-01-13 00:00:00,2025-01-14 00:00:00
405,94499,244226,2025-02-01 00:00:00,2025-02-03 00:00:00,124164,310533,2025-02-01 00:00:00,2025-02-03 00:00:00
405,91820,238325,2025-03-09 00:00:00,2025-03-10 00:00:00,104064,265851,2025-03-09 00:00:00,2025-03-10 00:00:00
405,114444,180704,2025-03-22 00:00:00,2025-03-23 00:00:00,124876,311921,2025-03-22 00:00:00,2025-03-23 00:00:00
405,83907,220308,2025-06-07 00:00:00,2025-06-09 00:00:00,120360,158529,2025-06-08 00:00:00,2025-06-09 00:00:00
405,92124,239015,2025-06-22 00:00:00,2025-06-25 00:00:00,110561,280721,2025-06-22 00:00:00,2025-06-24 00:00:00
405,92124,239015,2025-06-22 00:00:00,2025-06-25 00:00:00,8227,25300,2025-06-23 00:00:00,2025-06-27 00:00:00
405,110561,280721,2025-06-22 00:00:00,2025-06-24 00:00:00,8227,25300,2025-06-23 00:00:00,2025-06-27 00:00:00
405,83104,202378,2025-07-01 00:00:00,2025-07-02 00:00:00,92985,241016,2025-07-01 00:00:00,2025-07-02 00:00:00
405,83104,202378,2025-07-01 00:00:00,2025-07-02 00:00:00,83003,218204,2025-07-01 00:00:00,2025-07-02 00:00:00
405,92985,241016,2025-07-01 00:00:00,2025-07-02 00:00:00,83003,218204,2025-07-01 00:00:00,2025-07-02 00:00:00
405,62666,169983,2025-07-09 00:00:00,2025-07-11 00:00:00,122485,307009,2025-07-09 00:00:00,2025-07-11 00:00:00
405,62666,169983,2025-07-09 00:00:00,2025-07-11 00:00:00,122400,306820,2025-07-09 00:00:00,2025-07-10 00:00:00
405,122485,307009,2025-07-09 00:00:00,2025-07-11 00:00:00,122400,306820,2025-07-09 00:00:00,2025-07-10 00:00:00
405,112461,285072,2025-07-14 00:00:00,2025-07-17 00:00:00,112379,284884,2025-07-15 00:00:00,2025-07-17 00:00:00
405,112461,285072,2025-07-14 00:00:00,2025-07-17 00:00:00,112471,285099,2025-07-15 00:00:00,2025-07-17 00:00:00
405,112379,284884,2025-07-15 00:00:00,2025-07-17 00:00:00,112471,285099,2025-07-15 00:00:00,2025-07-17 00:00:00
405,72952,194835,2025-07-21 00:00:00,2025-07-24 00:00:00,112115,284310,2025-07-23 00:00:00,2025-07-25 00:00:00
405,9920,30585,2025-07-27 00:00:00,2025-07-29 00:00:00,51748,142844,2025-07-28 00:00:00,2025-07-30 00:00:00
405,30990,89252,2025-08-04 00:00:00,2025-08-06 00:00:00,84688,135566,2025-08-04 00:00:00,2025-08-05 00:00:00
405,30990,89252,2025-08-04 00:00:00,2025-08-06 00:00:00,72992,194920,2025-08-05 00:00:00,2025-08-06 00:00:00
405,30888,88961,2025-08-06 00:00:00,2025-08-08 00:00:00,96082,247920,2025-08-07 00:00:00,2025-08-09 00:00:00
405,153668,371559,2025-08-16 00:00:00,2025-08-17 00:00:00,9773,30139,2025-08-16 00:00:00,2025-08-18 00:00:00
405,31341,90192,2025-08-29 00:00:00,2025-09-02 00:00:00,9471,29201,2025-09-01 00:00:00,2025-09-02 00:00:00
405,31341,90192,2025-08-29 00:00:00,2025-09-02 00:00:00,74675,198890,2025-09-01 00:00:00,2025-09-02 00:00:00
405,9471,29201,2025-09-01 00:00:00,2025-09-02 00:00:00,74675,198890,2025-09-01 00:00:00,2025-09-02 00:00:00
405,153467,7,2025-09-26 03:00:00,2025-09-28 03:00:00,21289,62606,2025-09-28 00:00:00,2025-09-29 00:00:00
405,52709,145509,2025-10-08 00:00:00,2025-10-10 00:00:00,52803,145725,2025-10-09 00:00:00,2025-10-11 00:00:00
405,52803,145725,2025-10-09 00:00:00,2025-10-11 00:00:00,21354,62795,2025-10-10 00:00:00,2025-10-11 00:00:00
405,85632,215092,2025-10-17 00:00:00,2025-10-18 00:00:00,95171,245821,2025-10-17 00:00:00,2025-10-18 00:00:00
442,54089,148804,2022-08-29 00:00:00,2022-08-30 00:00:00,10396,31988,2022-08-29 00:00:00,2022-08-30 00:00:00
442,149233,362768,2023-03-18 00:00:00,2023-03-20 00:00:00,22306,65549,2023-03-18 00:00:00,2023-03-19 00:00:00
442,132889,15451,2024-06-14 00:00:00,2024-06-17 00:00:00,5078,15461,2024-06-16 00:00:00,2024-06-17 00:00:00
442,39957,112361,2025-05-23 00:00:00,2025-05-25 00:00:00,49836,137928,2025-05-23 00:00:00,2025-05-24 00:00:00
547,53820,92630,2024-05-27 00:00:00,2024-05-29 00:00:00,46176,128624,2024-05-27 00:00:00,2024-05-28 00:00:00
597,56280,40322,2024-04-14 00:00:00,2024-04-17 00:00:00,56293,40322,2024-04-14 00:00:00,2024-04-17 00:00:00
666,99854,256327,2022-11-23 00:00:00,2022-11-25 00:00:00,10313,31739,2022-11-24 00:00:00,2022-11-25 00:00:00
666,100797,146961,2023-05-23 00:00:00,2023-05-24 00:00:00,111517,282958,2023-05-23 00:00:00,2023-05-26 00:00:00
666,59530,162211,2024-02-18 00:00:00,2024-02-19 00:00:00,44199,123660,2024-02-18 00:00:00,2024-02-19 00:00:00
677,106540,271639,2022-02-19 00:00:00,2022-02-20 00:00:00,23925,69952,2022-02-19 00:00:00,2022-02-20 00:00:00
677,18549,37184,2025-05-13 00:00:00,2025-05-14 00:00:00,18543,54773,2025-05-13 00:00:00,2025-05-14 00:00:00
677,148158,360437,2025-08-29 00:00:00,2025-09-01 00:00:00,63365,171827,2025-08-29 00:00:00,2025-08-30 00:00:00
697,90462,235303,2023-06-10 00:00:00,2023-06-13 00:00:00,79026,209219,2023-06-10 00:00:00,2023-06-11 00:00:00
750,43218,7,2023-09-01 02:00:00,2023-09-05 02:00:00,43303,121348,2023-09-05 00:00:00,2023-09-08 00:00:00
806,71019,190237,2025-04-17 00:00:00,2025-04-18 00:00:00,71003,7,2025-04-17 03:00:00,2025-04-18 03:00:00
806,71003,7,2025-04-17 03:00:00,2025-04-18 03:00:00,71077,82937,2025-04-18 00:00:00,2025-04-19 00:00:00
938,53148,146582,2023-06-09 00:00:00,2023-06-10 00:00:00,100524,257852,2023-06-09 00:00:00,2023-06-11 00:00:00
938,50822,140383,2025-01-04 00:00:00,2025-01-05 00:00:00,50826,456,2025-01-04 00:00:00,2025-01-05 00:00:00
938,97278,250640,2025-09-03 00:00:00,2025-09-05 00:00:00,107243,273191,2025-09-04 00:00:00,2025-09-05 00:00:00
1083,5410,16471,2024-07-23 00:00:00,2024-07-24 00:00:00,135678,66677,2024-07-23 00:00:00,2024-07-25 00:00:00
1160,54541,150031,2023-08-07 00:00:00,2023-08-08 00:00:00,98877,254287,2023-08-07 00:00:00,2023-08-08 00:00:00
1160,148678,361621,2025-06-14 00:00:00,2025-06-16 00:00:00,9106,27994,2025-06-15 00:00:00,2025-06-16 00:00:00
1277,32427,93039,2023-07-14 00:00:00,2023-07-17 00:00:00,54881,150771,2023-07-14 00:00:00,2023-07-18 00:00:00
1333,5299,16109,2024-06-18 00:00:00,2024-06-21 00:00:00,27204,31597,2024-06-20 00:00:00,2024-06-22 00:00:00
1354,132366,7,2025-07-14 03:00:00,2025-07-16 03:00:00,149110,362531,2025-07-16 00:00:00,2025-07-18 00:00:00
1364,32417,93009,2023-06-07 00:00:00,2023-06-10 00:00:00,90154,234692,2023-06-08 00:00:00,2023-06-09 00:00:00
1395,134874,173732,2023-09-29 00:00:00,2023-10-12 00:00:00,55081,151292,2023-10-03 00:00:00,2023-10-06 00:00:00
1395,134874,173732,2023-09-29 00:00:00,2023-10-12 00:00:00,25516,74254,2023-10-08 00:00:00,2023-10-10 00:00:00
1395,37127,76095,2024-09-23 00:00:00,2024-09-26 00:00:00,17068,50723,2024-09-23 00:00:00,2024-09-25 00:00:00
1395,79879,211284,2024-10-02 00:00:00,2024-10-04 00:00:00,80046,211602,2024-10-03 00:00:00,2024-10-04 00:00:00
1395,81551,214857,2025-01-13 00:00:00,2025-01-16 00:00:00,69869,187450,2025-01-13 00:00:00,2025-01-17 00:00:00
1395,121948,305835,2025-05-01 00:00:00,2025-05-02 00:00:00,121802,7,2025-05-01 03:00:00,2025-05-04 03:00:00
1395,121802,7,2025-05-01 03:00:00,2025-05-04 03:00:00,132021,327223,2025-05-02 00:00:00,2025-05-03 00:00:00
1435,119720,7,2024-05-04 03:00:00,2024-05-07 03:00:00,138010,339722,2024-05-07 00:00:00,2024-05-08 00:00:00
1450,150718,365676,2024-01-22 00:00:00,2024-01-23 00:00:00,150687,365620,2024-01-22 00:00:00,2024-01-23 00:00:00
1450,88800,231701,2024-10-05 00:00:00,2024-10-07 00:00:00,88791,231685,2024-10-05 00:00:00,2024-10-07 00:00:00
1450,101851,31342,2024-11-13 00:00:00,2024-11-14 00:00:00,91197,236988,2024-11-13 00:00:00,2024-11-14 00:00:00
1450,124603,184661,2025-01-26 00:00:00,2025-01-27 00:00:00,113887,94976,2025-01-26 00:00:00,2025-01-27 00:00:00
1489,32976,3248,2023-06-12 00:00:00,2023-06-14 00:00:00,151304,366833,2023-06-12 00:00:00,2023-06-15 00:00:00
1489,1749,5316,2023-08-23 00:00:00,2023-08-26 00:00:00,130480,323982,2023-08-24 00:00:00,2023-08-27 00:00:00
1489,1749,5316,2023-08-23 00:00:00,2023-08-26 00:00:00,75261,7,2023-08-25 03:00:00,2023-08-27 03:00:00
1489,130480,323982,2023-08-24 00:00:00,2023-08-27 00:00:00,75261,7,2023-08-25 03:00:00,2023-08-27 03:00:00
1489,75358,200461,2023-08-28 00:00:00,2023-08-31 00:00:00,32597,93521,2023-08-30 00:00:00,2023-08-31 00:00:00
1489,93803,7,2024-06-06 03:00:00,2024-06-07 03:00:00,93841,219758,2024-06-07 00:00:00,2024-06-08 00:00:00
1489,144819,7,2024-12-19 03:00:00,2024-12-21 03:00:00,144939,353845,2024-12-20 00:00:00,2024-12-21 00:00:00
1489,21031,61871,2025-09-26 00:00:00,2025-09-27 00:00:00,21226,62413,2025-09-26 00:00:00,2025-09-27 00:00:00
1516,35988,102056,2024-04-13 00:00:00,2024-04-18 00:00:00,64382,14623,2024-04-16 00:00:00,2024-04-17 00:00:00
1516,70992,190169,2025-05-03 00:00:00,2025-05-07 00:00:00,70702,189406,2025-05-06 00:00:00,2025-05-09 00:00:00
1516,80896,24712,2025-06-17 00:00:00,2025-06-20 00:00:00,81088,213774,2025-06-18 00:00:00,2025-06-24 00:00:00
1569,98469,46429,2023-06-24 00:00:00,2023-06-27 00:00:00,98593,65806,2023-06-24 00:00:00,2023-06-25 00:00:00
1569,112805,285902,2023-09-25 00:00:00,2023-09-26 00:00:00,13349,40128,2023-09-25 00:00:00,2023-09-29 00:00:00
1710,3897,7,2023-12-06 03:00:00,2023-12-07 03:00:00,116912,294938,2023-12-07 00:00:00,2023-12-08 00:00:00
1719,32141,92275,2022-12-01 00:00:00,2022-12-04 00:00:00,10459,32124,2022-12-01 00:00:00,2022-12-02 00:00:00
1719,32141,92275,2022-12-01 00:00:00,2022-12-04 00:00:00,151531,120575,2022-12-02 00:00:00,2022-12-03 00:00:00
1794,117786,162211,2024-01-09 00:00:00,2024-01-10 00:00:00,117817,296925,2024-01-09 00:00:00,2024-01-10 00:00:00
1819,123867,309880,2022-08-15 00:00:00,2022-08-16 00:00:00,123445,308943,2022-08-15 00:00:00,2022-08-16 00:00:00
1819,120791,303410,2022-10-17 00:00:00,2022-10-19 00:00:00,108987,156860,2022-10-17 00:00:00,2022-10-18 00:00:00
1906,33037,94686,2023-06-10 00:00:00,2023-06-12 00:00:00,129922,322807,2023-06-11 00:00:00,2023-06-14 00:00:00
1906,3491,10762,2024-01-28 00:00:00,2024-01-30 00:00:00,131691,10762,2024-01-28 00:00:00,2024-02-01 00:00:00
1906,3491,10762,2024-01-28 00:00:00,2024-01-30 00:00:00,13821,41403,2024-01-29 00:00:00,2024-01-30 00:00:00
1906,131691,10762,2024-01-28 00:00:00,2024-02-01 00:00:00,13821,41403,2024-01-29 00:00:00,2024-01-30 00:00:00
1906,23272,68222,2024-02-08 00:00:00,2024-02-10 00:00:00,14065,10762,2024-02-09 00:00:00,2024-02-14 00:00:00
1906,14065,10762,2024-02-09 00:00:00,2024-02-14 00:00:00,33722,96329,2024-02-12 00:00:00,2024-02-14 00:00:00
1906,122934,308044,2024-03-09 00:00:00,2024-03-10 00:00:00,122789,287222,2024-03-09 00:00:00,2024-03-10 00:00:00
1906,80609,10762,2024-03-17 00:00:00,2024-03-20 00:00:00,102726,262815,2024-03-19 00:00:00,2024-03-21 00:00:00
1906,25906,75243,2024-03-31 00:00:00,2024-04-01 00:00:00,93283,241625,2024-03-31 00:00:00,2024-04-03 00:00:00
1906,93283,241625,2024-03-31 00:00:00,2024-04-03 00:00:00,26123,75752,2024-04-01 00:00:00,2024-04-02 00:00:00
1906,15123,45095,2024-04-08 00:00:00,2024-04-10 00:00:00,15121,45095,2024-04-08 00:00:00,2024-04-10 00:00:00
1951,12415,37570,2022-08-01 00:00:00,2022-08-02 00:00:00,45421,126643,2022-08-01 00:00:00,2022-08-02 00:00:00
2484,108420,249924,2024-08-25 00:00:00,2024-08-26 00:00:00,108089,7,2024-08-25 03:00:00,2024-08-28 03:00:00
2484,108089,7,2024-08-25 03:00:00,2024-08-28 03:00:00,127416,243706,2024-08-28 00:00:00,2024-08-29 00:00:00
2507,11613,7,2023-09-12 03:00:00,2023-09-13 03:00:00,55426,75597,2023-09-13 00:00:00,2023-09-14 00:00:00
2509,54862,150730,2023-06-23 00:00:00,2023-06-27 00:00:00,43428,121710,2023-06-23 00:00:00,2023-06-24 00:00:00
2509,54862,150730,2023-06-23 00:00:00,2023-06-27 00:00:00,86850,227148,2023-06-24 00:00:00,2023-06-26 00:00:00
2514,140095,5173,2023-07-15 00:00:00,2023-07-24 00:00:00,22607,4260,2023-07-17 00:00:00,2023-07-18 00:00:00
2514,140095,5173,2023-07-15 00:00:00,2023-07-24 00:00:00,54597,4260,2023-07-18 00:00:00,2023-07-19 00:00:00
2514,14628,43745,2023-10-18 00:00:00,2023-10-21 00:00:00,12879,38812,2023-10-20 00:00:00,2023-10-21 00:00:00
2514,45038,7673,2023-11-12 00:00:00,2023-11-13 00:00:00,45047,7673,2023-11-12 00:00:00,2023-11-13 00:00:00
2595,137833,11255,2023-12-04 00:00:00,2023-12-07 00:00:00,146301,11255,2023-12-04 00:00:00,2023-12-05 00:00:00
2595,137833,11255,2023-12-04 00:00:00,2023-12-07 00:00:00,146121,23206,2023-12-05 00:00:00,2023-12-07 00:00:00
2612,104637,267151,2024-06-09 00:00:00,2024-06-12 00:00:00,104636,267147,2024-06-09 00:00:00,2024-06-10 00:00:00
2658,54485,7,2023-06-21 00:00:00,2023-06-23 00:00:00,108634,120186,2023-06-22 00:00:00,2023-06-24 00:00:00
2658,108634,120186,2023-06-22 00:00:00,2023-06-24 00:00:00,54839,150664,2023-06-23 00:00:00,2023-06-24 00:00:00
2658,5110,15576,2024-06-18 00:00:00,2024-06-21 00:00:00,16032,7,2024-06-19 03:00:00,2024-06-20 03:00:00
2664,1480,4470,2023-08-24 00:00:00,2023-08-26 00:00:00,11895,36169,2023-08-25 00:00:00,2023-08-27 00:00:00
2692,54803,150615,2023-07-06 00:00:00,2023-07-09 00:00:00,54481,7,2023-07-07 00:00:00,2023-07-10 00:00:00
2693,13730,7,2024-03-01 03:00:00,2024-03-05 03:00:00,102697,34521,2024-03-05 00:00:00,2024-03-06 00:00:00
2701,102579,7,2024-03-03 03:00:00,2024-03-07 03:00:00,102819,83729,2024-03-05 00:00:00,2024-03-08 00:00:00
2723,6885,7,2024-11-23 03:00:00,2024-11-25 03:00:00,17871,52803,2024-11-25 00:00:00,2024-11-26 00:00:00
2757,4401,13468,2024-03-28 00:00:00,2024-03-29 00:00:00,143993,249433,2024-03-28 00:00:00,2024-03-29 00:00:00
2757,74254,25688,2024-04-18 00:00:00,2024-04-21 00:00:00,74253,25688,2024-04-18 00:00:00,2024-04-21 00:00:00
2757,64823,25688,2024-06-29 00:00:00,2024-07-01 00:00:00,64822,25688,2024-06-29 00:00:00,2024-07-01 00:00:00
2758,140225,344313,2023-06-21 00:00:00,2023-06-22 00:00:00,43611,122189,2023-06-21 00:00:00,2023-06-23 00:00:00
2803,79919,7,2024-10-02 03:00:00,2024-10-03 03:00:00,80049,211613,2024-10-03 00:00:00,2024-10-04 00:00:00
2816,19562,57664,2025-02-14 00:00:00,2025-02-16 00:00:00,29618,85544,2025-02-15 00:00:00,2025-02-17 00:00:00
2816,29618,85544,2025-02-15 00:00:00,2025-02-17 00:00:00,40573,57664,2025-02-16 00:00:00,2025-02-17 00:00:00
2859,3343,7,2024-01-27 03:00:00,2024-01-29 03:00:00,13710,41120,2024-01-29 00:00:00,2024-02-01 00:00:00
2918,78565,208178,2024-08-17 00:00:00,2024-08-18 00:00:00,78622,208309,2024-08-17 00:00:00,2024-08-18 00:00:00
2945,65527,7,2023-11-22 03:00:00,2023-11-23 03:00:00,85863,4253,2023-11-23 00:00:00,2023-11-24 00:00:00
3010,54895,150815,2023-08-24 00:00:00,2023-08-27 00:00:00,13390,40233,2023-08-26 00:00:00,2023-08-27 00:00:00
3010,22751,66781,2023-09-10 00:00:00,2023-09-11 00:00:00,150917,366023,2023-09-10 00:00:00,2023-09-11 00:00:00
3010,140183,344232,2023-09-20 00:00:00,2023-09-24 00:00:00,86176,4972,2023-09-21 00:00:00,2023-09-24 00:00:00
3010,89593,233414,2023-11-02 00:00:00,2023-11-03 00:00:00,79349,210060,2023-11-02 00:00:00,2023-11-04 00:00:00
3010,79349,210060,2023-11-02 00:00:00,2023-11-04 00:00:00,79547,210531,2023-11-03 00:00:00,2023-11-07 00:00:00
3010,88160,230252,2023-12-27 00:00:00,2023-12-28 00:00:00,77637,205911,2023-12-27 00:00:00,2023-12-29 00:00:00
3010,77588,205803,2024-01-02 00:00:00,2024-01-04 00:00:00,107569,273956,2024-01-02 00:00:00,2024-01-04 00:00:00
3010,107804,274506,2024-01-05 00:00:00,2024-01-07 00:00:00,107922,274766,2024-01-06 00:00:00,2024-01-07 00:00:00
3010,44576,5710,2024-02-13 00:00:00,2024-02-14 00:00:00,44594,124603,2024-02-13 00:00:00,2024-02-14 00:00:00
3010,113256,286942,2024-03-06 00:00:00,2024-03-07 00:00:00,113249,286930,2024-03-06 00:00:00,2024-03-07 00:00:00
3185,65856,8872,2023-11-16 00:00:00,2023-11-17 00:00:00,65812,177763,2023-11-16 00:00:00,2023-11-17 00:00:00
3185,84637,35839,2025-08-06 00:00:00,2025-08-08 00:00:00,95839,29352,2025-08-06 00:00:00,2025-08-07 00:00:00
3194,89945,234238,2023-10-12 00:00:00,2023-10-13 00:00:00,34016,97101,2023-10-12 00:00:00,2023-10-13 00:00:00
3224,97551,251342,2023-12-31 00:00:00,2024-01-03 00:00:00,97901,252111,2024-01-02 00:00:00,2024-01-03 00:00:00
3234,41998,7,2025-06-20 03:00:00,2025-06-22 03:00:00,62788,170284,2025-06-22 00:00:00,2025-06-24 00:00:00
3290,7698,23619,2025-02-07 00:00:00,2025-02-08 00:00:00,7751,23761,2025-02-07 00:00:00,2025-02-08 00:00:00
3432,5259,15986,2024-06-17 00:00:00,2024-06-18 00:00:00,132869,10283,2024-06-17 00:00:00,2024-06-22 00:00:00
3512,146208,11255,2023-12-05 00:00:00,2023-12-08 00:00:00,146417,356820,2023-12-06 00:00:00,2023-12-08 00:00:00
3613,87849,229517,2023-12-30 00:00:00,2024-01-02 00:00:00,97726,251693,2024-01-01 00:00:00,2024-01-04 00:00:00
3619,22345,7,2023-06-09 00:00:00,2023-06-10 00:00:00,129903,322781,2023-06-09 00:00:00,2023-06-12 00:00:00
3619,35227,100194,2024-06-14 00:00:00,2024-06-18 00:00:00,45960,12770,2024-06-17 00:00:00,2024-06-20 00:00:00
3684,117552,49744,2024-01-08 00:00:00,2024-01-11 00:00:00,117550,296407,2024-01-08 00:00:00,2024-01-09 00:00:00
3716,119027,298622,2023-07-11 00:00:00,2023-07-14 00:00:00,130363,248605,2023-07-11 00:00:00,2023-07-14 00:00:00
3733,111518,196918,2023-06-14 00:00:00,2023-06-16 00:00:00,65105,176104,2023-06-14 00:00:00,2023-06-15 00:00:00
3824,98709,7,2023-08-23 03:00:00,2023-08-25 03:00:00,151244,366735,2023-08-25 00:00:00,2023-08-27 00:00:00
3828,74319,7,2024-04-20 03:00:00,2024-04-21 03:00:00,84506,221608,2024-04-21 00:00:00,2024-04-22 00:00:00
3908,115589,7,2025-09-07 03:00:00,2025-09-08 03:00:00,126594,148237,2025-09-08 00:00:00,2025-09-10 00:00:00
3915,43963,123085,2023-06-05 00:00:00,2023-06-07 00:00:00,140083,344001,2023-06-06 00:00:00,2023-06-07 00:00:00
3915,98680,585,2023-07-26 00:00:00,2023-07-27 00:00:00,140382,344655,2023-07-26 00:00:00,2023-07-27 00:00:00
3915,22592,9933,2023-08-08 00:00:00,2023-08-09 00:00:00,22604,9933,2023-08-08 00:00:00,2023-08-09 00:00:00
3915,117930,297161,2024-01-25 00:00:00,2024-01-28 00:00:00,3304,10234,2024-01-26 00:00:00,2024-01-27 00:00:00
3915,59076,161157,2024-03-06 00:00:00,2024-03-09 00:00:00,70398,188749,2024-03-06 00:00:00,2024-03-07 00:00:00
3915,73892,128436,2024-06-03 00:00:00,2024-06-06 00:00:00,73625,196494,2024-06-04 00:00:00,2024-06-07 00:00:00
3918,89598,7673,2023-11-01 00:00:00,2023-11-02 00:00:00,89610,7673,2023-11-01 00:00:00,2023-11-02 00:00:00
3942,100637,258065,2023-06-16 00:00:00,2023-06-21 00:00:00,130126,323230,2023-06-20 00:00:00,2023-06-23 00:00:00
3942,130126,323230,2023-06-20 00:00:00,2023-06-23 00:00:00,32699,93799,2023-06-21 00:00:00,2023-06-22 00:00:00
3942,65142,176198,2023-07-05 00:00:00,2023-07-08 00:00:00,98536,253473,2023-07-07 00:00:00,2023-07-11 00:00:00
3942,141606,347205,2024-02-06 00:00:00,2024-02-10 00:00:00,23216,68071,2024-02-09 00:00:00,2024-02-10 00:00:00
3970,154745,6319,2022-04-09 11:00:00,2022-04-10 11:00:00,12189,6319,2022-04-10 00:00:00,2022-04-11 00:00:00
4069,40883,114828,2025-02-17 00:00:00,2025-02-18 00:00:00,40834,23792,2025-02-17 00:00:00,2025-02-18 00:00:00
4141,101570,7,2024-04-28 04:00:00,2024-05-01 01:00:00,101495,197646,2024-05-01 00:00:00,2024-05-03 00:00:00
4171,152614,7,2025-02-09 03:00:00,2025-02-10 03:00:00,7606,23336,2025-02-10 00:00:00,2025-02-11 00:00:00
4210,96665,249333,2023-11-22 00:00:00,2023-11-23 00:00:00,86215,225468,2023-11-22 00:00:00,2023-11-24 00:00:00
4259,68315,183802,2022-05-24 00:00:00,2022-05-25 00:00:00,14512,43416,2022-05-24 00:00:00,2022-05-25 00:00:00
4259,23468,68723,2022-05-28 00:00:00,2022-05-29 00:00:00,12765,38497,2022-05-28 00:00:00,2022-05-29 00:00:00
4259,154277,372859,2022-05-29 00:00:00,2022-05-30 00:00:00,134698,332602,2022-05-29 00:00:00,2022-05-30 00:00:00
4259,13205,39753,2022-06-06 00:00:00,2022-06-07 00:00:00,14251,42637,2022-06-06 00:00:00,2022-06-07 00:00:00
4259,134937,333136,2022-06-09 00:00:00,2022-06-10 00:00:00,134710,332639,2022-06-09 00:00:00,2022-06-10 00:00:00
4259,134937,333136,2022-06-09 00:00:00,2022-06-10 00:00:00,154256,372803,2022-06-09 00:00:00,2022-06-10 00:00:00
4259,134937,333136,2022-06-09 00:00:00,2022-06-10 00:00:00,67870,182706,2022-06-09 00:00:00,2022-06-10 00:00:00
4259,134710,332639,2022-06-09 00:00:00,2022-06-10 00:00:00,154256,372803,2022-06-09 00:00:00,2022-06-10 00:00:00
4259,134710,332639,2022-06-09 00:00:00,2022-06-10 00:00:00,67870,182706,2022-06-09 00:00:00,2022-06-10 00:00:00
4259,154256,372803,2022-06-09 00:00:00,2022-06-10 00:00:00,67870,182706,2022-06-09 00:00:00,2022-06-10 00:00:00
4259,23784,69587,2022-07-10 00:00:00,2022-07-11 00:00:00,23648,69210,2022-07-10 00:00:00,2022-07-11 00:00:00
4406,134695,332595,2023-10-24 00:00:00,2023-10-25 00:00:00,2399,7466,2023-10-24 00:00:00,2023-10-25 00:00:00
4409,97618,251467,2024-01-07 00:00:00,2024-01-09 00:00:00,107788,243434,2024-01-07 00:00:00,2024-01-08 00:00:00
4409,59378,161873,2024-02-17 00:00:00,2024-02-19 00:00:00,59286,161654,2024-02-18 00:00:00,2024-02-19 00:00:00
4409,59378,161873,2024-02-17 00:00:00,2024-02-19 00:00:00,59405,161929,2024-02-18 00:00:00,2024-02-19 00:00:00
4409,59286,161654,2024-02-18 00:00:00,2024-02-19 00:00:00,59405,161929,2024-02-18 00:00:00,2024-02-19 00:00:00
4409,4155,12755,2024-03-23 00:00:00,2024-03-25 00:00:00,4182,12832,2024-03-24 00:00:00,2024-03-25 00:00:00
4409,14991,44721,2024-03-30 00:00:00,2024-03-31 00:00:00,25758,74882,2024-03-30 00:00:00,2024-03-31 00:00:00
4409,14991,44721,2024-03-30 00:00:00,2024-03-31 00:00:00,25756,74878,2024-03-30 00:00:00,2024-03-31 00:00:00
4409,25758,74882,2024-03-30 00:00:00,2024-03-31 00:00:00,25756,74878,2024-03-30 00:00:00,2024-03-31 00:00:00
4409,88390,230804,2024-08-24 00:00:00,2024-08-25 00:00:00,48113,7,2024-08-24 03:00:00,2024-08-27 03:00:00
4409,48113,7,2024-08-24 03:00:00,2024-08-27 03:00:00,98401,253166,2024-08-25 00:00:00,2024-08-26 00:00:00
4409,66557,179519,2024-12-01 00:00:00,2024-12-02 00:00:00,58132,158909,2024-12-01 00:00:00,2024-12-04 00:00:00
4409,58132,158909,2024-12-01 00:00:00,2024-12-04 00:00:00,58026,158642,2024-12-02 00:00:00,2024-12-03 00:00:00
4409,50704,140104,2025-01-04 00:00:00,2025-01-06 00:00:00,50652,139984,2025-01-05 00:00:00,2025-01-06 00:00:00
4409,60544,164645,2025-01-12 00:00:00,2025-01-14 00:00:00,69739,187137,2025-01-13 00:00:00,2025-01-14 00:00:00
4434,18979,56016,2025-04-18 00:00:00,2025-04-20 00:00:00,29245,84492,2025-04-18 00:00:00,2025-04-19 00:00:00
4434,18622,55045,2025-06-10 00:00:00,2025-06-13 00:00:00,83943,66564,2025-06-11 00:00:00,2025-06-13 00:00:00
4434,71754,137901,2025-06-13 00:00:00,2025-06-15 00:00:00,131119,324886,2025-06-13 10:00:00,2025-06-14 10:00:00
4441,96573,249108,2023-11-13 00:00:00,2023-11-14 00:00:00,45039,125648,2023-11-13 00:00:00,2023-11-14 00:00:00
4441,96333,248518,2023-11-24 00:00:00,2023-11-27 00:00:00,117003,295132,2023-11-25 00:00:00,2023-11-26 00:00:00
4494,154552,373454,2023-10-29 00:00:00,2023-10-31 00:00:00,89860,7673,2023-10-30 00:00:00,2023-10-31 00:00:00
4773,107080,7,2024-07-23 03:00:00,2024-07-24 03:00:00,57840,158129,2024-07-24 00:00:00,2024-07-27 00:00:00
5086,107962,7,2024-01-06 03:00:00,2024-01-08 03:00:00,117584,296466,2024-01-08 00:00:00,2024-01-10 00:00:00
5129,76510,203276,2023-11-27 00:00:00,2023-11-29 00:00:00,128042,318778,2023-11-28 00:00:00,2023-11-29 00:00:00
5132,74385,198197,2024-04-26 00:00:00,2024-04-30 00:00:00,74458,7390,2024-04-27 00:00:00,2024-04-28 00:00:00
5132,74385,198197,2024-04-26 00:00:00,2024-04-30 00:00:00,74457,7390,2024-04-29 00:00:00,2024-04-30 00:00:00
5132,37892,106825,2024-07-06 00:00:00,2024-07-07 00:00:00,86742,226939,2024-07-06 00:00:00,2024-07-08 00:00:00
5132,48608,134619,2024-07-08 00:00:00,2024-07-11 00:00:00,104816,267598,2024-07-10 00:00:00,2024-07-11 00:00:00
5132,127735,18336,2024-09-01 00:00:00,2024-09-03 00:00:00,137290,338238,2024-09-02 00:00:00,2024-09-03 00:00:00
5198,33510,7,2024-02-08 03:00:00,2024-02-09 03:00:00,33808,48820,2024-02-09 00:00:00,2024-02-10 00:00:00
5215,47746,119669,2024-09-24 00:00:00,2024-09-27 00:00:00,47652,132224,2024-09-26 00:00:00,2024-10-23 00:00:00
5215,47652,132224,2024-09-26 00:00:00,2024-10-23 00:00:00,88938,232015,2024-10-22 00:00:00,2024-10-25 00:00:00
5412,71050,24649,2025-04-17 00:00:00,2025-04-18 00:00:00,71048,24649,2025-04-17 00:00:00,2025-04-18 00:00:00
5557,127906,318458,2023-11-29 00:00:00,2023-12-02 00:00:00,137870,339451,2023-11-30 00:00:00,2023-12-01 00:00:00
5560,91265,237119,2024-11-13 00:00:00,2024-11-14 00:00:00,91260,237109,2024-11-13 00:00:00,2024-11-15 00:00:00
5560,76851,204023,2024-12-05 00:00:00,2024-12-06 00:00:00,94628,244511,2024-12-05 00:00:00,2024-12-06 00:00:00
5573,81058,213728,2025-04-30 00:00:00,2025-05-08 00:00:00,81161,21519,2025-04-30 00:00:00,2025-05-03 00:00:00
5629,26625,77129,2024-09-16 00:00:00,2024-09-18 00:00:00,36850,104186,2024-09-17 00:00:00,2024-09-18 00:00:00
5629,26625,77129,2024-09-16 00:00:00,2024-09-18 00:00:00,36886,104280,2024-09-17 00:00:00,2024-09-22 00:00:00
5629,36850,104186,2024-09-17 00:00:00,2024-09-18 00:00:00,36886,104280,2024-09-17 00:00:00,2024-09-22 00:00:00
5629,36886,104280,2024-09-17 00:00:00,2024-09-22 00:00:00,26693,77324,2024-09-20 00:00:00,2024-09-22 00:00:00
5656,102641,58095,2024-03-02 00:00:00,2024-03-03 00:00:00,102798,262957,2024-03-02 00:00:00,2024-03-03 00:00:00
5702,23009,67481,2024-02-03 00:00:00,2024-02-04 00:00:00,3245,10047,2024-02-03 00:00:00,2024-02-04 00:00:00
5702,70223,188347,2024-02-19 00:00:00,2024-02-20 00:00:00,70197,188295,2024-02-19 00:00:00,2024-02-20 00:00:00
5702,15470,46067,2024-05-12 00:00:00,2024-05-13 00:00:00,4833,7,2024-05-12 03:00:00,2024-05-15 03:00:00
5702,4911,14920,2024-06-03 00:00:00,2024-06-05 00:00:00,73516,196252,2024-06-03 00:00:00,2024-06-04 00:00:00
5702,4911,14920,2024-06-03 00:00:00,2024-06-05 00:00:00,83284,218849,2024-06-04 00:00:00,2024-06-06 00:00:00
5702,4911,14920,2024-06-03 00:00:00,2024-06-05 00:00:00,83616,219635,2024-06-04 00:00:00,2024-06-05 00:00:00
5702,83284,218849,2024-06-04 00:00:00,2024-06-06 00:00:00,83616,219635,2024-06-04 00:00:00,2024-06-05 00:00:00
5702,73697,7,2024-06-06 03:00:00,2024-06-09 03:00:00,104619,4035,2024-06-08 00:00:00,2024-06-09 00:00:00
5702,73697,7,2024-06-06 03:00:00,2024-06-09 03:00:00,64171,173812,2024-06-09 00:00:00,2024-06-10 00:00:00
5702,4975,15111,2024-06-10 00:00:00,2024-06-14 00:00:00,35337,100464,2024-06-12 00:00:00,2024-06-14 00:00:00
5739,132958,329194,2024-06-17 00:00:00,2024-06-21 00:00:00,142734,349651,2024-06-18 00:00:00,2024-06-21 00:00:00
5739,145705,355377,2024-09-23 00:00:00,2024-09-26 00:00:00,47688,7,2024-09-24 03:00:00,2024-09-28 03:00:00
5739,47688,7,2024-09-24 03:00:00,2024-09-28 03:00:00,59730,162699,2024-09-26 00:00:00,2024-09-29 00:00:00
5739,101251,259405,2025-04-25 00:00:00,2025-04-27 00:00:00,101208,213767,2025-04-25 00:00:00,2025-04-26 00:00:00
5770,80390,212307,2024-03-13 00:00:00,2024-03-18 00:00:00,80611,212784,2024-03-14 00:00:00,2024-03-17 00:00:00
5770,36154,102456,2024-04-21 00:00:00,2024-04-22 00:00:00,74242,197895,2024-04-21 00:00:00,2024-04-24 00:00:00
5770,96871,7,2024-08-10 03:00:00,2024-08-15 03:00:00,47879,132838,2024-08-13 00:00:00,2024-08-17 00:00:00
5770,19524,25688,2025-02-09 00:00:00,2025-02-10 00:00:00,19520,25688,2025-02-09 00:00:00,2025-02-10 00:00:00
5770,29637,85594,2025-02-15 00:00:00,2025-02-16 00:00:00,40555,113973,2025-02-15 00:00:00,2025-02-16 00:00:00
5770,51230,141431,2025-02-21 00:00:00,2025-02-24 00:00:00,51329,141669,2025-02-22 00:00:00,2025-02-24 00:00:00
5770,51230,141431,2025-02-21 00:00:00,2025-02-24 00:00:00,51018,140883,2025-02-23 00:00:00,2025-02-24 00:00:00
5770,51329,141669,2025-02-22 00:00:00,2025-02-24 00:00:00,51018,140883,2025-02-23 00:00:00,2025-02-24 00:00:00
5770,114490,289606,2025-03-13 00:00:00,2025-03-16 00:00:00,114781,25688,2025-03-15 00:00:00,2025-03-16 00:00:00
5770,141175,111249,2025-06-03 00:00:00,2025-06-04 00:00:00,141176,111249,2025-06-03 00:00:00,2025-06-04 00:00:00
5770,71682,191755,2025-06-11 00:00:00,2025-06-14 00:00:00,39711,111653,2025-06-13 00:00:00,2025-06-16 00:00:00
5770,52190,111249,2025-06-21 00:00:00,2025-06-24 00:00:00,61443,111249,2025-06-21 00:00:00,2025-06-23 00:00:00
5823,119649,137201,2024-05-01 00:00:00,2024-05-04 00:00:00,119644,137201,2024-05-01 00:00:00,2024-05-04 00:00:00
5823,15551,46323,2024-05-17 00:00:00,2024-05-21 00:00:00,35405,25688,2024-05-18 00:00:00,2024-05-21 00:00:00
5823,152003,96329,2025-04-01 00:00:00,2025-04-02 00:00:00,91805,147986,2025-04-01 00:00:00,2025-04-02 00:00:00
5823,102267,261741,2025-06-07 00:00:00,2025-06-12 00:00:00,120376,7,2025-06-08 03:00:00,2025-06-09 03:00:00
5823,102267,261741,2025-06-07 00:00:00,2025-06-12 00:00:00,61251,166462,2025-06-10 00:00:00,2025-06-14 00:00:00
5836,145956,355866,2023-12-10 00:00:00,2023-12-13 00:00:00,25664,74646,2023-12-12 00:00:00,2023-12-15 00:00:00
5836,117682,296649,2024-01-12 00:00:00,2024-01-15 00:00:00,107767,65172,2024-01-13 00:00:00,2024-01-15 00:00:00
5836,33296,95363,2024-02-06 00:00:00,2024-02-07 00:00:00,33327,95433,2024-02-06 00:00:00,2024-02-07 00:00:00
5836,80544,80677,2024-02-24 00:00:00,2024-02-25 00:00:00,80433,76025,2024-02-24 00:00:00,2024-02-26 00:00:00
5836,83640,219690,2024-06-08 00:00:00,2024-06-11 00:00:00,104732,267373,2024-06-09 00:00:00,2024-06-11 00:00:00
5836,127385,80677,2024-08-28 00:00:00,2024-09-02 00:00:00,127402,80677,2024-08-28 00:00:00,2024-08-31 00:00:00
5836,127385,80677,2024-08-28 00:00:00,2024-09-02 00:00:00,127481,317572,2024-08-29 00:00:00,2024-08-31 00:00:00
5836,127385,80677,2024-08-28 00:00:00,2024-09-02 00:00:00,118108,67608,2024-08-31 00:00:00,2024-09-02 00:00:00
5836,127402,80677,2024-08-28 00:00:00,2024-08-31 00:00:00,127481,317572,2024-08-29 00:00:00,2024-08-31 00:00:00
5836,118275,291651,2024-09-04 00:00:00,2024-09-07 00:00:00,98163,252680,2024-09-04 00:00:00,2024-09-07 00:00:00
5836,27889,80709,2024-10-29 00:00:00,2024-10-30 00:00:00,27878,80677,2024-10-29 00:00:00,2024-10-31 00:00:00
5836,126411,315206,2024-12-14 00:00:00,2024-12-15 00:00:00,126441,15454,2024-12-14 00:00:00,2024-12-15 00:00:00
5836,7019,21474,2024-12-25 00:00:00,2024-12-30 00:00:00,144815,353591,2024-12-29 00:00:00,2024-12-31 00:00:00
5836,50290,139091,2025-01-04 00:00:00,2025-01-06 00:00:00,50635,139943,2025-01-04 00:00:00,2025-01-05 00:00:00
5879,140093,13852,2023-07-11 00:00:00,2023-07-13 00:00:00,74959,199547,2023-07-11 00:00:00,2023-07-14 00:00:00
5879,74959,199547,2023-07-11 00:00:00,2023-07-14 00:00:00,118805,298968,2023-07-13 00:00:00,2023-07-16 00:00:00
5879,97544,251320,2024-01-02 00:00:00,2024-01-05 00:00:00,77365,205247,2024-01-04 00:00:00,2024-01-06 00:00:00
5940,133063,7,2024-03-29 03:00:00,2024-03-31 03:00:00,123187,212651,2024-03-31 00:00:00,2024-04-01 00:00:00
5982,135541,7,2025-09-13 03:00:00,2025-09-14 03:00:00,147154,358342,2025-09-14 00:00:00,2025-09-15 00:00:00
6063,71445,191215,2024-11-12 00:00:00,2024-11-15 00:00:00,101849,260635,2024-11-14 00:00:00,2024-11-15 00:00:00
6063,91341,7,2024-11-23 03:00:00,2024-11-25 03:00:00,17853,52772,2024-11-25 00:00:00,2024-11-26 00:00:00
6063,85264,196091,2024-12-10 00:00:00,2024-12-11 00:00:00,116190,293408,2024-12-10 00:00:00,2024-12-11 00:00:00
6186,14760,44156,2024-04-16 00:00:00,2024-04-18 00:00:00,56251,7,2024-04-16 03:00:00,2024-04-22 03:00:00
6186,56251,7,2024-04-16 03:00:00,2024-04-22 03:00:00,84513,10480,2024-04-21 00:00:00,2024-04-22 00:00:00
6186,38988,7,2024-11-02 03:00:00,2024-11-03 03:00:00,39039,109891,2024-11-03 00:00:00,2024-11-04 00:00:00
6224,70512,188997,2024-02-26 00:00:00,2024-02-29 00:00:00,93211,241506,2024-02-26 00:00:00,2024-02-27 00:00:00
6224,70512,188997,2024-02-26 00:00:00,2024-02-29 00:00:00,70531,140944,2024-02-28 00:00:00,2024-03-03 00:00:00
6224,35936,101939,2024-04-04 00:00:00,2024-04-05 00:00:00,35797,101569,2024-04-04 00:00:00,2024-04-08 00:00:00
6224,56172,12674,2024-04-12 00:00:00,2024-04-15 00:00:00,56169,12674,2024-04-12 00:00:00,2024-04-15 00:00:00
6224,101657,260206,2024-04-29 00:00:00,2024-05-01 00:00:00,152884,370006,2024-04-30 00:00:00,2024-05-02 00:00:00
6224,15329,45665,2024-06-06 00:00:00,2024-06-10 00:00:00,104521,266849,2024-06-08 00:00:00,2024-06-09 00:00:00
6224,101751,260416,2024-06-12 00:00:00,2024-06-16 00:00:00,73650,196546,2024-06-14 00:00:00,2024-06-18 00:00:00
6224,101751,260416,2024-06-12 00:00:00,2024-06-16 00:00:00,53698,147838,2024-06-15 00:00:00,2024-06-17 00:00:00
6224,73650,196546,2024-06-14 00:00:00,2024-06-18 00:00:00,53698,147838,2024-06-15 00:00:00,2024-06-17 00:00:00
6239,53568,7,2024-06-10 03:00:00,2024-06-13 03:00:00,46218,128723,2024-06-13 00:00:00,2024-06-14 00:00:00
6245,142532,349166,2024-06-15 00:00:00,2024-06-17 00:00:00,142794,98393,2024-06-16 00:00:00,2024-06-20 00:00:00
6314,146183,7,2023-12-03 03:00:00,2023-12-05 03:00:00,3661,11227,2023-12-05 00:00:00,2023-12-06 00:00:00
6344,77618,7,2023-12-24 03:00:00,2023-12-26 03:00:00,87809,229403,2023-12-25 00:00:00,2023-12-26 00:00:00
6456,77268,205034,2023-12-24 00:00:00,2023-12-27 00:00:00,66804,180152,2023-12-24 00:00:00,2023-12-27 00:00:00
6456,61403,166796,2025-06-11 00:00:00,2025-06-14 00:00:00,131230,325632,2025-06-12 00:00:00,2025-06-13 00:00:00
6500,26061,11566,2024-03-31 00:00:00,2024-04-01 00:00:00,26060,11566,2024-03-31 00:00:00,2024-04-01 00:00:00
6500,86425,226216,2024-07-06 00:00:00,2024-07-07 00:00:00,86598,15194,2024-07-06 00:00:00,2024-07-07 00:00:00
6500,59948,163249,2024-11-05 00:00:00,2024-11-07 00:00:00,60081,163571,2024-11-06 00:00:00,2024-11-07 00:00:00
6500,134348,82857,2025-01-29 00:00:00,2025-01-31 00:00:00,134345,78470,2025-01-29 00:00:00,2025-01-30 00:00:00
6555,59534,18476,2024-02-19 00:00:00,2024-02-20 00:00:00,70253,11651,2024-02-19 00:00:00,2024-02-20 00:00:00
6555,46353,129067,2024-04-06 00:00:00,2024-04-07 00:00:00,36074,102239,2024-04-06 00:00:00,2024-04-07 00:00:00
6555,53602,147612,2024-06-12 00:00:00,2024-06-14 00:00:00,113691,150978,2024-06-12 00:00:00,2024-06-13 00:00:00
6555,142663,99248,2024-06-17 00:00:00,2024-06-20 00:00:00,143012,18476,2024-06-17 00:00:00,2024-06-18 00:00:00
6555,142663,99248,2024-06-17 00:00:00,2024-06-20 00:00:00,16023,18476,2024-06-19 00:00:00,2024-06-22 00:00:00
6555,16023,18476,2024-06-19 00:00:00,2024-06-22 00:00:00,27283,79025,2024-06-20 00:00:00,2024-06-21 00:00:00
6555,88526,231090,2024-08-25 00:00:00,2024-08-27 00:00:00,108090,275124,2024-08-25 00:00:00,2024-08-27 00:00:00
6555,129604,18476,2024-10-17 00:00:00,2024-10-18 00:00:00,129637,18476,2024-10-17 00:00:00,2024-10-18 00:00:00
6555,129604,18476,2024-10-17 00:00:00,2024-10-18 00:00:00,129564,322095,2024-10-17 00:00:00,2024-10-18 00:00:00
6555,129637,18476,2024-10-17 00:00:00,2024-10-18 00:00:00,129564,322095,2024-10-17 00:00:00,2024-10-18 00:00:00
6555,27926,15228,2024-10-29 00:00:00,2024-10-30 00:00:00,27925,18476,2024-10-29 00:00:00,2024-10-30 00:00:00
6555,91171,236929,2024-11-24 00:00:00,2024-11-26 00:00:00,17840,18476,2024-11-25 00:00:00,2024-11-26 00:00:00
6555,91171,236929,2024-11-24 00:00:00,2024-11-26 00:00:00,17838,18476,2024-11-25 00:00:00,2024-11-26 00:00:00
6555,17840,18476,2024-11-25 00:00:00,2024-11-26 00:00:00,17838,18476,2024-11-25 00:00:00,2024-11-26 00:00:00
6555,76926,204204,2024-12-09 00:00:00,2024-12-11 00:00:00,105660,18476,2024-12-10 00:00:00,2024-12-11 00:00:00
6583,108025,274981,2024-08-24 00:00:00,2024-08-28 00:00:00,58553,160017,2024-08-24 00:00:00,2024-08-27 00:00:00
6676,5729,7,2024-09-11 03:00:00,2024-09-13 03:00:00,16925,50270,2024-09-13 00:00:00,2024-09-14 00:00:00
6681,153054,370299,2024-03-21 00:00:00,2024-03-24 00:00:00,153195,351737,2024-03-21 00:00:00,2024-03-22 00:00:00
6852,122502,7,2025-07-24 03:00:00,2025-07-26 03:00:00,141064,346135,2025-07-26 00:00:00,2025-07-27 00:00:00
6907,37304,78626,2024-08-03 00:00:00,2024-08-08 00:00:00,47821,132664,2024-08-05 00:00:00,2024-08-06 00:00:00
6907,37304,78626,2024-08-03 00:00:00,2024-08-08 00:00:00,48062,133273,2024-08-07 00:00:00,2024-08-08 00:00:00
6986,64903,78652,2024-06-30 00:00:00,2024-07-02 00:00:00,75445,162252,2024-07-01 00:00:00,2024-07-02 00:00:00
6986,28962,83684,2025-05-27 00:00:00,2025-05-31 00:00:00,50258,139014,2025-05-29 00:00:00,2025-05-31 00:00:00
7027,142966,350139,2024-06-17 00:00:00,2024-06-20 00:00:00,15961,47434,2024-06-18 00:00:00,2024-06-21 00:00:00
7064,88698,7,2024-10-09 03:00:00,2024-10-12 03:00:00,99310,255152,2024-10-12 00:00:00,2024-10-15 00:00:00
7171,49874,7,2025-05-23 03:00:00,2025-05-24 03:00:00,50153,138720,2025-05-24 00:00:00,2025-05-25 00:00:00
7182,128484,319678,2024-06-11 00:00:00,2024-06-14 00:00:00,4655,14194,2024-06-12 00:00:00,2024-06-16 00:00:00
7227,4236,12985,2024-03-27 00:00:00,2024-03-31 00:00:00,133506,330218,2024-03-29 00:00:00,2024-04-01 00:00:00
7227,56197,153999,2024-04-11 00:00:00,2024-04-14 00:00:00,64340,142648,2024-04-13 00:00:00,2024-04-15 00:00:00
7227,46668,129761,2024-04-21 00:00:00,2024-04-24 00:00:00,84564,221752,2024-04-22 00:00:00,2024-04-23 00:00:00
7227,46668,129761,2024-04-21 00:00:00,2024-04-24 00:00:00,4427,13547,2024-04-23 00:00:00,2024-04-28 00:00:00
7227,128563,319804,2024-05-27 00:00:00,2024-05-31 00:00:00,53822,148151,2024-05-27 00:00:00,2024-05-28 00:00:00
7227,45876,127856,2024-05-31 00:00:00,2024-06-04 00:00:00,73709,13547,2024-06-02 00:00:00,2024-06-03 00:00:00
7227,113515,287454,2024-06-09 00:00:00,2024-06-11 00:00:00,93873,242844,2024-06-10 00:00:00,2024-06-16 00:00:00
7227,15712,18612,2024-06-18 00:00:00,2024-06-21 00:00:00,15978,47487,2024-06-18 00:00:00,2024-06-21 00:00:00
7227,37964,13547,2024-06-22 00:00:00,2024-06-23 00:00:00,37932,106932,2024-06-22 00:00:00,2024-06-23 00:00:00
7227,88879,160825,2024-10-06 00:00:00,2024-10-09 00:00:00,88869,231867,2024-10-07 00:00:00,2024-10-09 00:00:00
7227,88879,160825,2024-10-06 00:00:00,2024-10-09 00:00:00,99038,254592,2024-10-08 00:00:00,2024-10-09 00:00:00
7227,88869,231867,2024-10-07 00:00:00,2024-10-09 00:00:00,99038,254592,2024-10-08 00:00:00,2024-10-09 00:00:00
7227,114613,289865,2025-03-30 00:00:00,2025-04-03 00:00:00,144421,352832,2025-03-30 00:00:00,2025-04-01 00:00:00
7227,39344,110722,2025-04-11 00:00:00,2025-04-15 00:00:00,29328,22817,2025-04-11 00:00:00,2025-04-12 00:00:00
7227,39344,110722,2025-04-11 00:00:00,2025-04-15 00:00:00,29327,22817,2025-04-11 00:00:00,2025-04-12 00:00:00
7227,29328,22817,2025-04-11 00:00:00,2025-04-12 00:00:00,29327,22817,2025-04-11 00:00:00,2025-04-12 00:00:00
7302,78901,208917,2023-06-12 01:00:00,2023-06-13 01:00:00,149127,260229,2023-06-13 00:00:00,2023-06-14 00:00:00
7336,58261,7,2024-11-30 03:00:00,2024-12-01 03:00:00,119237,245259,2024-12-01 00:00:00,2024-12-04 00:00:00
7416,126765,7,2025-09-10 03:00:00,2025-09-13 03:00:00,135543,334446,2025-09-13 00:00:00,2025-09-14 00:00:00
7422,131794,7,2024-01-16 03:00:00,2024-01-17 03:00:00,141711,347419,2024-01-17 00:00:00,2024-01-18 00:00:00
7436,133249,329760,2024-03-24 00:00:00,2024-03-26 00:00:00,4387,13430,2024-03-24 00:00:00,2024-03-25 00:00:00
7436,15014,44789,2024-03-28 00:00:00,2024-03-31 00:00:00,14981,5173,2024-03-30 00:00:00,2024-04-02 00:00:00
7476,53902,148355,2024-05-27 00:00:00,2024-05-28 00:00:00,53804,18476,2024-05-27 00:00:00,2024-05-28 00:00:00
7505,111002,281809,2024-06-15 00:00:00,2024-06-20 00:00:00,15286,45565,2024-06-19 00:00:00,2024-06-22 00:00:00
7505,15286,45565,2024-06-19 00:00:00,2024-06-22 00:00:00,15812,46997,2024-06-21 00:00:00,2024-06-23 00:00:00
7506,101439,259789,2024-04-25 00:00:00,2024-04-27 00:00:00,101431,259789,2024-04-25 00:00:00,2024-04-27 00:00:00
7517,44323,123986,2024-03-01 00:00:00,2024-03-04 00:00:00,102555,262471,2024-03-01 00:00:00,2024-03-03 00:00:00
7517,44323,123986,2024-03-01 00:00:00,2024-03-04 00:00:00,59446,162034,2024-03-03 00:00:00,2024-03-06 00:00:00
7517,59446,162034,2024-03-03 00:00:00,2024-03-06 00:00:00,113271,36923,2024-03-05 00:00:00,2024-03-06 00:00:00
7517,55923,153331,2024-04-10 00:00:00,2024-04-13 00:00:00,55890,153240,2024-04-11 00:00:00,2024-04-15 00:00:00
7517,153025,327329,2024-05-03 00:00:00,2024-05-06 00:00:00,36110,102339,2024-05-05 00:00:00,2024-05-08 00:00:00
7517,101540,259980,2024-05-21 00:00:00,2024-05-24 00:00:00,35489,100825,2024-05-22 00:00:00,2024-05-23 00:00:00
7517,101540,259980,2024-05-21 00:00:00,2024-05-24 00:00:00,25096,73106,2024-05-22 00:00:00,2024-05-25 00:00:00
7517,35489,100825,2024-05-22 00:00:00,2024-05-23 00:00:00,25096,73106,2024-05-22 00:00:00,2024-05-25 00:00:00
7517,25096,73106,2024-05-22 00:00:00,2024-05-25 00:00:00,128633,319930,2024-05-24 00:00:00,2024-05-27 00:00:00
7517,128633,319930,2024-05-24 00:00:00,2024-05-27 00:00:00,45997,128136,2024-05-26 00:00:00,2024-05-27 00:00:00
7517,63962,173360,2024-06-01 00:00:00,2024-06-06 00:00:00,73711,153331,2024-06-03 00:00:00,2024-06-07 00:00:00
7517,63962,173360,2024-06-01 00:00:00,2024-06-06 00:00:00,73717,196705,2024-06-05 00:00:00,2024-06-07 00:00:00
7517,73711,153331,2024-06-03 00:00:00,2024-06-07 00:00:00,73717,196705,2024-06-05 00:00:00,2024-06-07 00:00:00
7517,73619,196470,2024-06-09 00:00:00,2024-06-12 00:00:00,104439,16617,2024-06-09 00:00:00,2024-06-10 00:00:00
7517,15731,46778,2024-06-22 00:00:00,2024-06-25 00:00:00,37905,106867,2024-06-24 00:00:00,2024-06-29 00:00:00
7517,5956,18188,2024-09-09 00:00:00,2024-09-11 00:00:00,16723,49692,2024-09-10 00:00:00,2024-09-11 00:00:00
7517,138915,341488,2024-12-08 00:00:00,2024-12-12 00:00:00,109735,248754,2024-12-08 00:00:00,2024-12-12 00:00:00
7517,126355,58048,2024-12-14 00:00:00,2024-12-15 00:00:00,126287,314940,2024-12-14 00:00:00,2024-12-15 00:00:00
7517,7690,23607,2025-02-07 00:00:00,2025-02-08 00:00:00,114260,289098,2025-02-07 00:00:00,2025-02-12 00:00:00
7517,19601,43187,2025-02-15 00:00:00,2025-02-16 00:00:00,19602,43187,2025-02-15 00:00:00,2025-02-16 00:00:00
7517,51214,23296,2025-02-20 00:00:00,2025-02-21 00:00:00,124345,310873,2025-02-20 00:00:00,2025-02-22 00:00:00
7517,61675,167458,2025-02-23 00:00:00,2025-02-24 00:00:00,124346,310873,2025-02-23 00:00:00,2025-02-24 00:00:00
7517,40538,113933,2025-03-09 00:00:00,2025-03-11 00:00:00,104231,266166,2025-03-10 00:00:00,2025-03-11 00:00:00
7517,103979,265665,2025-03-24 00:00:00,2025-03-26 00:00:00,103973,265662,2025-03-25 00:00:00,2025-03-27 00:00:00
7517,103973,265662,2025-03-25 00:00:00,2025-03-27 00:00:00,133901,330972,2025-03-26 00:00:00,2025-03-28 00:00:00
7517,151832,367967,2025-03-30 00:00:00,2025-04-01 00:00:00,151830,352914,2025-03-30 00:00:00,2025-04-01 00:00:00
7540,51179,7,2025-03-15 03:00:00,2025-03-17 03:00:00,124711,311587,2025-03-17 00:00:00,2025-03-18 00:00:00
7554,94256,7,2025-01-17 03:00:00,2025-01-18 03:00:00,94513,244260,2025-01-18 00:00:00,2025-01-19 00:00:00
7593,28613,7,2024-12-29 03:00:00,2024-12-31 03:00:00,40241,113102,2024-12-31 00:00:00,2025-01-02 00:00:00
7676,110864,281473,2024-04-27 00:00:00,2024-04-28 00:00:00,110815,281339,2024-04-27 00:00:00,2024-04-28 00:00:00
7676,128636,319935,2024-05-11 00:00:00,2024-05-12 00:00:00,15399,45883,2024-05-11 00:00:00,2024-05-12 00:00:00
7676,53522,147429,2024-05-26 00:00:00,2024-05-27 00:00:00,53815,148134,2024-05-26 00:00:00,2024-05-27 00:00:00
7676,145293,354522,2024-07-22 00:00:00,2024-07-24 00:00:00,57413,157120,2024-07-23 00:00:00,2024-07-24 00:00:00
7676,37489,7390,2024-08-04 00:00:00,2024-08-06 00:00:00,37713,7390,2024-08-05 00:00:00,2024-08-06 00:00:00
7676,71655,191694,2024-11-11 00:00:00,2024-11-13 00:00:00,91016,7390,2024-11-12 00:00:00,2024-11-13 00:00:00
7676,147511,359080,2025-09-17 00:00:00,2025-09-18 00:00:00,147403,345045,2025-09-17 00:00:00,2025-09-18 00:00:00
7761,25010,7,2024-05-26 03:00:00,2024-05-28 03:00:00,15533,46272,2024-05-28 00:00:00,2024-05-30 00:00:00
7765,57874,158212,2024-06-29 00:00:00,2024-06-30 00:00:00,57877,158212,2024-06-29 00:00:00,2024-06-30 00:00:00
7765,75549,200903,2024-07-02 00:00:00,2024-07-03 00:00:00,75640,201096,2024-07-02 00:00:00,2024-07-03 00:00:00
7810,4886,14842,2024-05-15 00:00:00,2024-05-22 00:00:00,24899,72585,2024-05-21 00:00:00,2024-05-25 00:00:00
7845,46268,128871,2024-05-27 00:00:00,2024-05-28 00:00:00,46066,100279,2024-05-27 00:00:00,2024-05-29 00:00:00
7845,64142,7,2024-06-09 03:00:00,2024-06-11 03:00:00,4667,14237,2024-06-10 00:00:00,2024-06-13 00:00:00
7845,64142,7,2024-06-09 03:00:00,2024-06-11 03:00:00,46052,128271,2024-06-11 00:00:00,2024-06-15 00:00:00
7845,4667,14237,2024-06-10 00:00:00,2024-06-13 00:00:00,46052,128271,2024-06-11 00:00:00,2024-06-15 00:00:00
7845,106918,272467,2024-07-20 00:00:00,2024-07-25 00:00:00,75712,7,2024-07-24 03:00:00,2024-07-25 03:00:00
7845,115883,292693,2024-08-04 00:00:00,2024-08-07 00:00:00,37616,106163,2024-08-04 00:00:00,2024-08-06 00:00:00
7845,115883,292693,2024-08-04 00:00:00,2024-08-07 00:00:00,27127,78571,2024-08-05 00:00:00,2024-08-06 00:00:00
7845,115883,292693,2024-08-04 00:00:00,2024-08-07 00:00:00,86440,7,2024-08-06 03:00:00,2024-08-12 03:00:00
7845,37616,106163,2024-08-04 00:00:00,2024-08-06 00:00:00,27127,78571,2024-08-05 00:00:00,2024-08-06 00:00:00
7845,58679,132720,2024-08-28 00:00:00,2024-09-04 00:00:00,37230,78643,2024-08-31 00:00:00,2024-09-01 00:00:00
7845,58679,132720,2024-08-28 00:00:00,2024-09-04 00:00:00,98013,252344,2024-09-01 00:00:00,2024-09-03 00:00:00
7845,28794,83213,2025-01-03 00:00:00,2025-01-07 00:00:00,50430,7,2025-01-03 03:00:00,2025-01-04 03:00:00
7845,50324,139164,2025-01-09 00:00:00,2025-01-13 00:00:00,18268,53985,2025-01-11 00:00:00,2025-01-12 00:00:00
7845,152076,368431,2025-04-03 00:00:00,2025-04-06 00:00:00,124899,311958,2025-04-03 00:00:00,2025-04-06 00:00:00
7845,29243,84488,2025-04-17 00:00:00,2025-04-19 00:00:00,70976,190127,2025-04-17 00:00:00,2025-04-19 00:00:00
7845,131894,326970,2025-05-01 00:00:00,2025-05-02 00:00:00,122016,305967,2025-05-01 00:00:00,2025-05-04 00:00:00
7845,120410,302515,2025-06-08 00:00:00,2025-06-10 00:00:00,92132,239030,2025-06-09 00:00:00,2025-06-12 00:00:00
7845,122637,307423,2025-07-28 00:00:00,2025-07-31 00:00:00,112382,284888,2025-07-30 00:00:00,2025-08-01 00:00:00
7845,112382,284888,2025-07-30 00:00:00,2025-08-01 00:00:00,31029,89364,2025-07-31 00:00:00,2025-08-01 00:00:00
7845,106004,270408,2025-08-09 00:00:00,2025-08-12 00:00:00,117128,295421,2025-08-10 00:00:00,2025-08-13 00:00:00
7845,106004,270408,2025-08-09 00:00:00,2025-08-12 00:00:00,95868,247431,2025-08-11 00:00:00,2025-08-13 00:00:00
7845,117128,295421,2025-08-10 00:00:00,2025-08-13 00:00:00,95868,247431,2025-08-11 00:00:00,2025-08-13 00:00:00
7845,30805,7,2025-08-23 03:00:00,2025-08-28 03:00:00,9452,29141,2025-08-27 00:00:00,2025-08-30 00:00:00
7845,31453,90501,2025-09-30 00:00:00,2025-10-02 00:00:00,31454,90502,2025-10-01 00:00:00,2025-10-04 00:00:00
7845,52740,7,2025-10-09 03:00:00,2025-10-13 03:00:00,52594,145218,2025-10-10 00:00:00,2025-10-13 00:00:00
7907,8848,27177,2025-06-16 00:00:00,2025-06-18 00:00:00,110701,281098,2025-06-17 00:00:00,2025-06-18 00:00:00
8000,127951,7,2023-11-27 03:00:00,2023-11-28 03:00:00,128143,224921,2023-11-28 00:00:00,2023-11-29 00:00:00
8010,101474,259873,2024-05-06 00:00:00,2024-05-10 00:00:00,138340,340297,2024-05-09 00:00:00,2024-05-10 00:00:00
8014,83521,7,2024-06-09 03:00:00,2024-06-12 02:00:00,83398,219127,2024-06-12 00:00:00,2024-06-17 00:00:00
8054,48363,133997,2024-07-02 00:00:00,2024-07-04 00:00:00,48333,133937,2024-07-03 00:00:00,2024-07-05 00:00:00
8054,38135,107444,2024-07-18 00:00:00,2024-07-20 00:00:00,135817,335038,2024-07-19 00:00:00,2024-07-20 00:00:00
8054,37299,105396,2024-08-04 00:00:00,2024-08-06 00:00:00,37522,105944,2024-08-05 00:00:00,2024-08-07 00:00:00
8058,29366,7,2025-04-07 03:00:00,2025-04-10 03:00:00,19124,56355,2025-04-10 00:00:00,2025-04-15 00:00:00
8060,4851,7,2024-05-11 03:00:00,2024-05-16 03:00:00,110846,10766,2024-05-16 00:00:00,2024-05-17 00:00:00
8084,59258,161594,2024-02-21 00:00:00,2024-02-24 00:00:00,59486,7,2024-02-22 03:00:00,2024-02-23 03:00:00
8084,70631,59010,2024-03-03 00:00:00,2024-03-07 00:00:00,93214,241509,2024-03-05 00:00:00,2024-03-06 00:00:00
8084,93481,241991,2024-03-19 00:00:00,2024-03-23 00:00:00,122811,307822,2024-03-21 00:00:00,2024-03-24 00:00:00
8084,36135,102397,2024-04-18 00:00:00,2024-04-21 00:00:00,14818,44297,2024-04-20 00:00:00,2024-04-23 00:00:00
8084,90686,194073,2025-04-22 00:00:00,2025-04-23 00:00:00,81188,213999,2025-04-22 00:00:00,2025-04-27 00:00:00
8103,36927,104402,2024-09-18 00:00:00,2024-09-24 00:00:00,47603,106255,2024-09-23 00:00:00,2024-09-28 00:00:00
8120,86289,7,2024-07-10 03:00:00,2024-07-11 03:00:00,106912,272457,2024-07-11 00:00:00,2024-07-12 00:00:00
8327,83637,219684,2024-06-13 00:00:00,2024-06-15 00:00:00,104599,267062,2024-06-14 00:00:00,2024-06-17 00:00:00
8327,66659,179789,2024-12-01 00:00:00,2024-12-02 00:00:00,58323,159463,2024-12-01 00:00:00,2024-12-03 00:00:00
8327,63276,171595,2025-09-06 00:00:00,2025-09-10 00:00:00,107454,273715,2025-09-06 00:00:00,2025-09-07 00:00:00
8349,110109,279706,2024-10-14 00:00:00,2024-10-16 00:00:00,110083,279653,2024-10-14 00:00:00,2024-10-15 00:00:00
8471,73673,196616,2024-06-10 00:00:00,2024-06-13 00:00:00,35228,100195,2024-06-12 00:00:00,2024-06-14 00:00:00
8482,61069,7,2025-04-16 03:00:00,2025-04-17 03:00:00,71113,190439,2025-04-17 00:00:00,2025-04-18 00:00:00
8628,110859,7,2024-04-27 03:00:00,2024-04-28 03:00:00,110980,281760,2024-04-28 00:00:00,2024-04-29 00:00:00
8631,56536,154864,2023-11-13 00:00:00,2023-11-14 00:00:00,45099,125815,2023-11-13 00:00:00,2023-11-16 00:00:00
8738,57715,7,2024-07-02 03:00:00,2024-07-05 03:00:00,86645,15279,2024-07-05 00:00:00,2024-07-07 00:00:00
8789,38762,7,2024-11-02 03:00:00,2024-11-03 03:00:00,39002,109789,2024-11-03 00:00:00,2024-11-04 00:00:00
8798,48847,7,2024-11-28 03:00:00,2024-11-29 03:00:00,57965,158482,2024-11-29 00:00:00,2024-11-30 00:00:00
8830,119647,137201,2024-05-01 00:00:00,2024-05-04 00:00:00,119643,137201,2024-05-01 00:00:00,2024-05-04 00:00:00
8830,104010,237961,2025-03-08 00:00:00,2025-03-09 00:00:00,104112,237961,2025-03-08 00:00:00,2025-03-09 00:00:00
8975,104702,7,2024-06-17 03:00:00,2024-06-18 03:00:00,142723,268498,2024-06-18 00:00:00,2024-06-19 00:00:00
9096,46210,128697,2024-06-12 00:00:00,2024-06-13 00:00:00,122259,7,2024-06-12 03:00:00,2024-06-13 03:00:00
9118,19305,7,2025-04-04 03:00:00,2025-04-05 03:00:00,19074,56247,2025-04-05 00:00:00,2025-04-06 00:00:00
9152,27170,7,2024-07-19 14:00:00,2024-07-23 14:00:00,64898,175560,2024-07-23 00:00:00,2024-07-26 00:00:00
9180,151898,7,2025-03-27 03:00:00,2025-03-29 03:00:00,152183,25833,2025-03-29 00:00:00,2025-04-01 00:00:00
9203,48086,7,2024-08-11 03:00:00,2024-08-16 03:00:00,68952,185282,2024-08-14 00:00:00,2024-08-15 00:00:00
9233,60345,164167,2024-11-19 00:00:00,2024-11-21 00:00:00,119361,300182,2024-11-19 00:00:00,2024-11-20 00:00:00
9233,82389,216774,2024-11-22 00:00:00,2024-11-23 00:00:00,91082,236705,2024-11-22 00:00:00,2024-11-23 00:00:00
9596,129484,7,2024-10-17 03:00:00,2024-10-18 03:00:00,129771,322529,2024-10-18 00:00:00,2024-10-19 00:00:00
9659,128632,7,2024-06-01 03:00:00,2024-06-02 03:00:00,73659,196566,2024-06-02 00:00:00,2024-06-03 00:00:00
9875,110075,7,2024-10-14 03:00:00,2024-10-15 03:00:00,120043,301660,2024-10-15 00:00:00,2024-10-16 00:00:00
9910,137481,7,2024-09-05 03:00:00,2024-09-09 03:00:00,5991,18278,2024-09-09 00:00:00,2024-09-11 00:00:00
10034,19965,7,2025-06-19 03:00:00,2025-06-22 03:00:00,42205,118447,2025-06-22 00:00:00,2025-06-23 00:00:00
10182,106380,20246,2023-12-03 00:00:00,2023-12-04 00:00:00,137692,4720,2023-12-03 00:00:00,2023-12-05 00:00:00
10242,132816,328935,2024-06-14 00:00:00,2024-06-17 00:00:00,143021,350216,2024-06-16 00:00:00,2024-06-19 00:00:00
10268,58539,7,2024-08-14 03:00:00,2024-08-17 03:00:00,78532,17967,2024-08-17 00:00:00,2024-08-18 00:00:00
10402,59925,163210,2024-10-04 00:00:00,2024-10-07 00:00:00,69281,186071,2024-10-04 00:00:00,2024-10-05 00:00:00
10402,59925,163210,2024-10-04 00:00:00,2024-10-07 00:00:00,26530,76849,2024-10-05 00:00:00,2024-10-07 00:00:00
10418,28217,7,2024-10-31 03:00:00,2024-11-01 03:00:00,38691,23542,2024-11-01 00:00:00,2024-11-02 00:00:00
10568,66472,7,2024-11-30 03:00:00,2024-12-01 03:00:00,48741,134949,2024-12-01 00:00:00,2024-12-04 00:00:00
10598,91257,7,2024-11-15 03:00:00,2024-11-18 03:00:00,119432,135490,2024-11-18 00:00:00,2024-11-19 00:00:00
10715,12599,38058,2022-06-03 00:00:00,2022-06-04 00:00:00,13357,40143,2022-06-03 00:00:00,2022-06-04 00:00:00
10765,6606,20196,2024-11-22 00:00:00,2024-11-23 00:00:00,6715,20567,2024-11-22 00:00:00,2024-11-23 00:00:00
10871,103230,7,2025-07-05 03:00:00,2025-07-09 03:00:00,112177,284448,2025-07-09 00:00:00,2025-07-10 00:00:00
11029,17726,7,2024-11-24 03:00:00,2024-11-25 03:00:00,27786,80409,2024-11-25 00:00:00,2024-11-28 00:00:00
11048,49304,7,2024-11-04 03:00:00,2024-11-05 03:00:00,59963,36445,2024-11-05 00:00:00,2024-11-07 00:00:00
11212,6857,7,2024-11-22 03:00:00,2024-11-23 03:00:00,17846,52749,2024-11-23 00:00:00,2024-11-24 00:00:00
11417,115874,292675,2024-08-01 00:00:00,2024-08-06 00:00:00,27053,78362,2024-08-01 00:00:00,2024-08-02 00:00:00
11417,113954,288426,2025-01-20 00:00:00,2025-01-21 00:00:00,113896,288293,2025-01-20 00:00:00,2025-01-23 00:00:00
11532,95851,7,2025-08-09 03:00:00,2025-08-10 03:00:00,117323,19376,2025-08-10 00:00:00,2025-08-11 00:00:00
11589,28803,83235,2024-12-29 00:00:00,2024-12-31 00:00:00,28617,82729,2024-12-30 00:00:00,2024-12-31 00:00:00
11589,40091,112714,2024-12-31 00:00:00,2025-01-01 00:00:00,40223,112846,2024-12-31 00:00:00,2025-01-01 00:00:00
11589,61291,166558,2025-05-25 00:00:00,2025-05-26 00:00:00,50119,138627,2025-05-25 00:00:00,2025-05-26 00:00:00
11589,92100,238966,2025-06-02 00:00:00,2025-06-03 00:00:00,83989,220511,2025-06-02 00:00:00,2025-06-03 00:00:00
11925,69611,7,2024-10-01 03:00:00,2024-10-03 03:00:00,69454,186464,2024-10-03 00:00:00,2024-10-06 00:00:00
11951,71446,191219,2024-11-15 00:00:00,2024-11-18 00:00:00,71255,190793,2024-11-16 00:00:00,2024-11-19 00:00:00
11951,66748,180028,2024-12-24 00:00:00,2024-12-26 00:00:00,18091,53468,2024-12-24 00:00:00,2024-12-25 00:00:00
11951,81215,214054,2025-04-26 00:00:00,2025-04-27 00:00:00,81212,214054,2025-04-26 00:00:00,2025-04-27 00:00:00
11951,121860,305639,2025-05-06 00:00:00,2025-05-09 00:00:00,149589,363421,2025-05-07 00:00:00,2025-05-08 00:00:00
11951,117229,295646,2025-08-14 00:00:00,2025-08-16 00:00:00,105988,270377,2025-08-15 00:00:00,2025-08-17 00:00:00
11951,127326,317282,2025-08-17 00:00:00,2025-08-19 00:00:00,117220,295626,2025-08-18 00:00:00,2025-08-19 00:00:00
11951,115188,291115,2025-10-27 00:00:00,2025-10-29 00:00:00,105102,7,2025-10-28 03:00:00,2025-10-31 03:00:00
11957,116281,293597,2024-12-18 00:00:00,2024-12-20 00:00:00,116280,293597,2024-12-18 00:00:00,2024-12-20 00:00:00
11957,126028,314357,2025-01-04 00:00:00,2025-01-08 00:00:00,144818,237669,2025-01-07 00:00:00,2025-01-09 00:00:00
11957,18358,54261,2025-01-20 00:00:00,2025-01-21 00:00:00,28387,82107,2025-01-20 00:00:00,2025-01-23 00:00:00
11957,28387,82107,2025-01-20 00:00:00,2025-01-23 00:00:00,103651,264900,2025-01-21 00:00:00,2025-01-22 00:00:00
11957,124377,310945,2025-01-31 00:00:00,2025-02-02 00:00:00,124255,310699,2025-01-31 00:00:00,2025-02-02 00:00:00
11957,124377,310945,2025-01-31 00:00:00,2025-02-02 00:00:00,103493,264575,2025-02-01 00:00:00,2025-02-02 00:00:00
11957,124255,310699,2025-01-31 00:00:00,2025-02-02 00:00:00,103493,264575,2025-02-01 00:00:00,2025-02-02 00:00:00
11957,81468,214666,2025-02-02 00:00:00,2025-02-03 00:00:00,81446,214598,2025-02-02 00:00:00,2025-02-03 00:00:00
11957,19170,56500,2025-04-08 00:00:00,2025-04-12 00:00:00,8750,26867,2025-04-11 00:00:00,2025-04-13 00:00:00
11957,105979,229241,2025-08-16 00:00:00,2025-08-17 00:00:00,117152,295466,2025-08-16 00:00:00,2025-08-17 00:00:00
12020,19339,56993,2025-04-18 00:00:00,2025-04-21 00:00:00,71107,190429,2025-04-18 00:00:00,2025-04-20 00:00:00
12020,144252,131901,2025-04-29 00:00:00,2025-05-02 00:00:00,61077,165952,2025-04-30 00:00:00,2025-05-01 00:00:00
12020,144252,131901,2025-04-29 00:00:00,2025-05-02 00:00:00,70918,34039,2025-04-30 00:00:00,2025-05-03 00:00:00
12020,61077,165952,2025-04-30 00:00:00,2025-05-01 00:00:00,70918,34039,2025-04-30 00:00:00,2025-05-03 00:00:00
12020,83723,219897,2025-06-10 00:00:00,2025-06-14 00:00:00,92211,239211,2025-06-12 00:00:00,2025-06-15 00:00:00
12150,144532,353049,2025-04-02 00:00:00,2025-04-03 00:00:00,124815,311810,2025-04-02 00:00:00,2025-04-06 00:00:00
12150,111625,283221,2025-05-01 00:00:00,2025-05-03 00:00:00,121663,305196,2025-05-02 00:00:00,2025-05-05 00:00:00
12197,9042,27747,2025-06-23 00:00:00,2025-06-26 00:00:00,62906,170573,2025-06-25 00:00:00,2025-06-26 00:00:00
12197,112124,284329,2025-07-26 00:00:00,2025-07-28 00:00:00,112131,284345,2025-07-26 00:00:00,2025-07-28 00:00:00
12197,62357,169210,2025-08-21 00:00:00,2025-08-25 00:00:00,40973,115085,2025-08-22 00:00:00,2025-08-25 00:00:00
12197,31200,89819,2025-08-30 00:00:00,2025-09-01 00:00:00,41432,116351,2025-08-31 00:00:00,2025-09-01 00:00:00
12449,105767,7,2025-08-06 03:00:00,2025-08-08 03:00:00,117101,295368,2025-08-08 00:00:00,2025-08-09 00:00:00
12492,87470,228601,2025-09-05 00:00:00,2025-09-07 00:00:00,31210,89845,2025-09-06 00:00:00,2025-09-07 00:00:00
12497,31527,7,2025-10-03 03:00:00,2025-10-04 03:00:00,42408,118992,2025-10-04 00:00:00,2025-10-05 00:00:00
12554,20100,7,2025-06-22 03:00:00,2025-06-24 03:00:00,62864,170467,2025-06-24 00:00:00,2025-06-26 00:00:00
12693,87505,228669,2025-09-06 00:00:00,2025-09-07 00:00:00,107421,273624,2025-09-06 00:00:00,2025-09-07 00:00:00
12701,132583,328416,2025-07-14 00:00:00,2025-07-16 00:00:00,148937,222294,2025-07-15 00:00:00,2025-07-16 00:00:00
12713,132126,24649,2025-05-03 00:00:00,2025-05-04 00:00:00,132128,24649,2025-05-03 00:00:00,2025-05-04 00:00:00
12976,79399,7,2023-11-02 03:00:00,2023-11-03 03:00:00,79704,210892,2023-11-03 00:00:00,2023-11-04 00:00:00
13112,152015,7,2025-04-22 03:00:00,2025-04-26 03:00:00,144134,352309,2025-04-26 00:00:00,2025-04-29 00:00:00
13201,71773,192021,2025-06-06 00:00:00,2025-06-07 00:00:00,84045,220646,2025-06-06 00:00:00,2025-06-09 00:00:00
13204,51057,140974,2025-02-23 00:00:00,2025-02-24 00:00:00,50965,140739,2025-02-23 00:00:00,2025-02-25 00:00:00
13204,50965,140739,2025-02-23 00:00:00,2025-02-25 00:00:00,72145,141577,2025-02-24 00:00:00,2025-02-25 00:00:00
13204,39287,110577,2025-04-14 11:00:00,2025-04-17 11:00:00,114787,290213,2025-04-17 00:00:00,2025-04-20 00:00:00
13204,114787,290213,2025-04-17 00:00:00,2025-04-20 00:00:00,49427,136794,2025-04-19 00:00:00,2025-04-23 00:00:00
13204,49427,136794,2025-04-19 00:00:00,2025-04-23 00:00:00,49510,137036,2025-04-22 00:00:00,2025-04-24 00:00:00
13204,19149,56438,2025-04-24 00:00:00,2025-04-27 00:00:00,19148,56434,2025-04-26 00:00:00,2025-04-27 00:00:00
13204,149942,364086,2025-05-13 00:00:00,2025-05-16 00:00:00,18695,55217,2025-05-14 00:00:00,2025-05-15 00:00:00
13204,149942,364086,2025-05-13 00:00:00,2025-05-16 00:00:00,149663,363554,2025-05-15 00:00:00,2025-05-18 00:00:00
13204,71700,191815,2025-06-14 00:00:00,2025-06-16 00:00:00,29028,83898,2025-06-15 00:00:00,2025-06-17 00:00:00
13236,101422,15432,2024-04-25 00:00:00,2024-04-30 00:00:00,101475,259874,2024-04-26 00:00:00,2024-05-01 00:00:00
13236,122052,232318,2024-06-16 00:00:00,2024-06-19 00:00:00,113766,288009,2024-06-16 00:00:00,2024-06-18 00:00:00
13236,86611,226648,2024-07-05 00:00:00,2024-07-06 00:00:00,38027,92787,2024-07-05 00:00:00,2024-07-09 00:00:00
13271,59840,7,2024-10-04 03:00:00,2024-10-06 03:00:00,36961,104480,2024-10-06 00:00:00,2024-10-08 00:00:00
13333,144432,352858,2025-04-04 00:00:00,2025-04-06 00:00:00,29238,84469,2025-04-05 00:00:00,2025-04-06 00:00:00
13333,61034,165860,2025-04-19 00:00:00,2025-04-23 00:00:00,81089,213775,2025-04-20 00:00:00,2025-04-21 00:00:00
13333,9952,30685,2025-07-27 00:00:00,2025-07-30 00:00:00,20689,60919,2025-07-27 00:00:00,2025-07-30 00:00:00
13333,9952,30685,2025-07-27 00:00:00,2025-07-30 00:00:00,103045,263489,2025-07-29 00:00:00,2025-07-31 00:00:00
13333,20689,60919,2025-07-27 00:00:00,2025-07-30 00:00:00,103045,263489,2025-07-29 00:00:00,2025-07-31 00:00:00
13333,103045,263489,2025-07-29 00:00:00,2025-07-31 00:00:00,30699,88453,2025-07-30 00:00:00,2025-07-31 00:00:00
13333,73188,195431,2025-07-31 00:00:00,2025-08-01 00:00:00,41393,116244,2025-07-31 00:00:00,2025-08-01 00:00:00
13333,153931,372125,2025-08-21 00:00:00,2025-08-23 00:00:00,148157,360435,2025-08-22 00:00:00,2025-08-24 00:00:00
13333,148157,360435,2025-08-22 00:00:00,2025-08-24 00:00:00,148331,360798,2025-08-23 00:00:00,2025-08-24 00:00:00
13333,148347,360838,2025-08-25 00:00:00,2025-08-28 00:00:00,126940,316359,2025-08-27 00:00:00,2025-08-28 00:00:00
13333,87343,199283,2025-09-03 00:00:00,2025-09-04 00:00:00,87308,228207,2025-09-03 00:00:00,2025-09-04 00:00:00
13333,148059,360202,2025-09-04 00:00:00,2025-09-05 00:00:00,106052,270520,2025-09-04 00:00:00,2025-09-06 00:00:00
13333,148059,360202,2025-09-04 00:00:00,2025-09-05 00:00:00,148058,360202,2025-09-04 00:00:00,2025-09-05 00:00:00
13333,106052,270520,2025-09-04 00:00:00,2025-09-06 00:00:00,148058,360202,2025-09-04 00:00:00,2025-09-05 00:00:00
13333,153924,372111,2025-10-09 00:00:00,2025-10-11 00:00:00,52772,145648,2025-10-09 00:00:00,2025-10-11 00:00:00
13333,153924,372111,2025-10-09 00:00:00,2025-10-11 00:00:00,52923,146010,2025-10-09 00:00:00,2025-10-10 00:00:00
13333,52772,145648,2025-10-09 00:00:00,2025-10-11 00:00:00,52923,146010,2025-10-09 00:00:00,2025-10-10 00:00:00
13360,79518,7,2023-11-30 03:00:00,2023-12-02 03:00:00,106665,2140,2023-12-02 00:00:00,2023-12-03 00:00:00
13532,74096,7,2024-04-30 03:00:00,2024-05-03 03:00:00,128304,110071,2024-05-03 00:00:00,2024-05-06 00:00:00
13699,103193,263803,2025-07-02 00:00:00,2025-07-03 00:00:00,103197,80811,2025-07-02 00:00:00,2025-07-03 00:00:00
13699,141030,45179,2025-07-15 00:00:00,2025-07-16 00:00:00,9813,30245,2025-07-15 00:00:00,2025-07-16 00:00:00
13699,62159,168692,2025-07-27 00:00:00,2025-07-28 00:00:00,62045,87097,2025-07-27 00:00:00,2025-07-28 00:00:00
13958,148390,360957,2025-06-13 00:00:00,2025-06-14 00:00:00,139143,342061,2025-06-13 00:00:00,2025-06-15 00:00:00
13958,148986,362264,2025-07-15 00:00:00,2025-07-16 00:00:00,9777,30150,2025-07-15 00:00:00,2025-07-16 00:00:00
13958,63695,172680,2025-10-10 00:00:00,2025-10-11 00:00:00,63634,118631,2025-10-10 00:00:00,2025-10-11 00:00:00
14182,140896,24088,2025-07-12 00:00:00,2025-07-13 00:00:00,140937,237656,2025-07-12 00:00:00,2025-07-13 00:00:00
14182,141145,346318,2025-07-13 00:00:00,2025-07-15 00:00:00,148770,7,2025-07-13 03:00:00,2025-07-14 03:00:00
14182,10079,31038,2025-07-16 00:00:00,2025-07-17 00:00:00,10076,31035,2025-07-16 00:00:00,2025-07-17 00:00:00
14182,62346,14329,2025-07-28 00:00:00,2025-07-29 00:00:00,62345,14329,2025-07-28 00:00:00,2025-07-29 00:00:00
14190,43967,123099,2023-06-11 00:00:00,2023-06-12 00:00:00,149374,323280,2023-06-11 00:00:00,2023-06-13 00:00:00
14277,28883,83469,2025-05-17 00:00:00,2025-05-18 00:00:00,18661,55146,2025-05-17 00:00:00,2025-05-18 00:00:00
14795,52380,144663,2025-06-21 00:00:00,2025-06-23 00:00:00,62638,169893,2025-06-21 00:00:00,2025-06-23 00:00:00
15003,103462,264498,2025-07-10 00:00:00,2025-07-16 00:00:00,112432,285007,2025-07-15 00:00:00,2025-07-18 00:00:00
15003,112432,285007,2025-07-15 00:00:00,2025-07-18 00:00:00,149090,362487,2025-07-16 00:00:00,2025-07-23 00:00:00
15003,95498,246577,2025-10-22 00:00:00,2025-10-26 00:00:00,76161,202356,2025-10-24 00:00:00,2025-10-29 00:00:00
15485,131015,325140,2025-06-10 00:00:00,2025-06-13 00:00:00,130914,18351,2025-06-10 00:00:00,2025-06-12 00:00:00
15938,71849,192175,2025-05-31 00:00:00,2025-06-05 00:00:00,61420,166850,2025-06-03 00:00:00,2025-06-06 00:00:00
15938,71849,192175,2025-05-31 00:00:00,2025-06-05 00:00:00,61491,167028,2025-06-03 00:00:00,2025-06-05 00:00:00
15938,61420,166850,2025-06-03 00:00:00,2025-06-06 00:00:00,61491,167028,2025-06-03 00:00:00,2025-06-05 00:00:00
15938,73332,195801,2025-08-02 00:00:00,2025-08-05 00:00:00,73340,195816,2025-08-02 00:00:00,2025-08-05 00:00:00
15938,42560,7,2025-10-09 03:00:00,2025-10-13 03:00:00,52911,145979,2025-10-13 00:00:00,2025-10-14 00:00:00
15938,52911,145979,2025-10-13 00:00:00,2025-10-14 00:00:00,63597,7,2025-10-13 03:00:00,2025-10-15 03:00:00
15938,63597,7,2025-10-13 03:00:00,2025-10-15 03:00:00,75929,201746,2025-10-14 00:00:00,2025-10-17 00:00:00
15938,75929,201746,2025-10-14 00:00:00,2025-10-17 00:00:00,76033,7,2025-10-15 03:00:00,2025-10-16 03:00:00
16003,83220,218708,2025-07-03 00:00:00,2025-07-08 00:00:00,103298,264058,2025-07-05 00:00:00,2025-07-08 00:00:00
16003,107398,273565,2025-09-06 00:00:00,2025-09-09 00:00:00,115526,116649,2025-09-07 00:00:00,2025-09-08 00:00:00
16003,153219,258291,2025-09-19 00:00:00,2025-09-21 00:00:00,153292,370758,2025-09-20 00:00:00,2025-09-24 00:00:00
16219,112581,285337,2022-08-14 00:00:00,2022-08-15 00:00:00,112598,285385,2022-08-14 00:00:00,2022-08-15 00:00:00
16219,123784,309710,2022-08-18 00:00:00,2022-08-19 00:00:00,124056,310320,2022-08-18 00:00:00,2022-08-19 00:00:00
16674,34988,7,2023-10-12 03:00:00,2023-10-15 03:00:00,34989,99618,2023-10-14 00:00:00,2023-10-17 00:00:00
16674,45197,126053,2023-11-26 00:00:00,2023-11-29 00:00:00,56324,154302,2023-11-26 00:00:00,2023-11-29 00:00:00
16899,75152,7,2023-06-10 00:00:00,2023-06-13 00:00:00,149345,362981,2023-06-12 00:00:00,2023-06-14 00:00:00
17188,68602,184473,2022-06-19 00:00:00,2022-06-20 00:00:00,89940,234231,2022-06-19 00:00:00,2022-06-20 00:00:00
17188,68546,184354,2022-06-25 00:00:00,2022-06-26 00:00:00,89943,234235,2022-06-25 00:00:00,2022-06-26 00:00:00
17270,61851,167894,2025-02-27 00:00:00,2025-03-02 00:00:00,82183,167496,2025-03-01 00:00:00,2025-03-02 00:00:00
17270,29786,25688,2025-03-02 00:00:00,2025-03-05 00:00:00,91405,167496,2025-03-04 00:00:00,2025-03-05 00:00:00
17270,29786,25688,2025-03-02 00:00:00,2025-03-05 00:00:00,91406,167496,2025-03-04 00:00:00,2025-03-05 00:00:00
17270,91405,167496,2025-03-04 00:00:00,2025-03-05 00:00:00,91406,167496,2025-03-04 00:00:00,2025-03-05 00:00:00
17270,111615,111249,2025-05-02 00:00:00,2025-05-03 00:00:00,111616,111249,2025-05-02 00:00:00,2025-05-03 00:00:00
17359,130272,323542,2023-06-07 00:00:00,2023-06-08 00:00:00,67664,182259,2023-06-07 00:00:00,2023-06-10 00:00:00
18071,89662,233554,2023-12-04 00:00:00,2023-12-08 00:00:00,90012,7,2023-12-04 03:00:00,2023-12-10 03:00:00
18140,80742,152486,2024-03-04 00:00:00,2024-03-06 00:00:00,93292,150083,2024-03-05 00:00:00,2024-03-07 00:00:00
18140,56081,153741,2024-04-10 00:00:00,2024-04-11 00:00:00,55990,153530,2024-04-10 00:00:00,2024-04-11 00:00:00
18140,92577,240013,2024-04-29 00:00:00,2024-05-01 00:00:00,119482,300483,2024-04-30 00:00:00,2024-05-01 00:00:00
18242,93607,242249,2024-03-02 00:00:00,2024-03-03 00:00:00,93562,242150,2024-03-02 00:00:00,2024-03-05 00:00:00
18384,74011,197361,2024-06-04 00:00:00,2024-06-05 00:00:00,73994,197361,2024-06-04 00:00:00,2024-06-08 00:00:00
18552,104621,267103,2024-06-09 00:00:00,2024-06-10 00:00:00,83656,219722,2024-06-09 00:00:00,2024-06-10 00:00:00
18552,15820,47021,2024-06-18 00:00:00,2024-06-22 00:00:00,27314,79107,2024-06-20 00:00:00,2024-06-21 00:00:00
18959,16730,7,2024-09-25 03:00:00,2024-09-26 03:00:00,47314,131412,2024-09-26 00:00:00,2024-09-27 00:00:00
19333,150255,7,2024-11-25 03:00:00,2024-11-27 03:00:00,17155,50958,2024-11-27 00:00:00,2024-12-01 00:00:00
19433,25150,73216,2024-06-10 00:00:00,2024-06-14 00:00:00,35500,100852,2024-06-11 00:00:00,2024-06-16 00:00:00
19925,83244,218763,2024-06-07 00:00:00,2024-06-09 00:00:00,83274,218838,2024-06-08 00:00:00,2024-06-10 00:00:00
20278,28358,7,2024-12-28 03:00:00,2024-12-29 03:00:00,28531,23394,2024-12-29 00:00:00,2024-12-30 00:00:00
20388,85558,224237,2025-10-16 00:00:00,2025-10-17 00:00:00,85576,224305,2025-10-16 00:00:00,2025-10-17 00:00:00
20690,105696,7,2024-12-09 03:00:00,2024-12-10 03:00:00,116240,269211,2024-12-10 00:00:00,2024-12-11 00:00:00
20774,92128,7,2025-06-07 03:00:00,2025-06-08 03:00:00,50262,139023,2025-06-08 00:00:00,2025-06-09 00:00:00
22129,149517,19224,2023-05-28 00:00:00,2023-05-30 00:00:00,67504,181890,2023-05-29 00:00:00,2023-05-30 00:00:00
22158,78936,208991,2023-04-19 00:00:00,2023-04-21 00:00:00,79000,209160,2023-04-20 00:00:00,2023-04-22 00:00:00
22158,111299,239685,2023-05-22 00:00:00,2023-05-26 00:00:00,43853,122854,2023-05-23 00:00:00,2023-05-27 00:00:00
22491,23241,68137,2024-02-09 00:00:00,2024-02-13 00:00:00,33642,54802,2024-02-11 00:00:00,2024-02-15 00:00:00
23173,145961,7,2023-12-03 03:00:00,2023-12-07 03:00:00,25669,12139,2023-12-07 00:00:00,2023-12-08 00:00:00
23293,53517,7,2024-06-17 03:00:00,2024-06-19 03:00:00,132946,329175,2024-06-19 00:00:00,2024-06-20 00:00:00
24774,70661,7,2025-04-16 03:00:00,2025-04-17 03:00:00,39102,110081,2025-04-17 00:00:00,2025-04-18 00:00:00
25270,76103,7,2025-10-14 03:00:00,2025-10-16 03:00:00,76265,202631,2025-10-16 00:00:00,2025-10-17 00:00:00
25386,78997,209155,2023-04-24 00:00:00,2023-04-29 00:00:00,79179,197741,2023-04-26 00:00:00,2023-04-29 00:00:00
25386,53168,10766,2023-05-11 00:00:00,2023-05-13 00:00:00,100598,257981,2023-05-12 00:00:00,2023-05-13 00:00:00
25401,121251,304392,2023-04-23 00:00:00,2023-04-27 00:00:00,100815,258435,2023-04-25 00:00:00,2023-04-26 00:00:00
25401,123941,10766,2023-06-07 00:00:00,2023-06-09 00:00:00,32669,10766,2023-06-08 00:00:00,2023-06-11 00:00:00
25907,90058,7,2023-11-08 03:00:00,2023-11-09 03:00:00,34373,1034,2023-11-09 00:00:00,2023-11-10 00:00:00
28653,113549,7,2024-06-10 03:00:00,2024-06-12 03:00:00,122388,306793,2024-06-12 00:00:00,2024-06-13 00:00:00
29757,90222,7,2023-04-20 00:00:00,2023-04-24 00:00:00,67384,181637,2023-04-22 00:00:00,2023-04-24 00:00:00
29764,53374,147083,2023-06-09 00:00:00,2023-06-13 00:00:00,79082,37554,2023-06-12 00:00:00,2023-06-16 00:00:00
30437,105468,7,2024-12-08 03:00:00,2024-12-10 03:00:00,105735,269798,2024-12-10 00:00:00,2024-12-11 00:00:00
31348,64283,7,2024-04-25 03:00:00,2024-04-26 03:00:00,92654,128808,2024-04-26 00:00:00,2024-04-27 00:00:00
32424,98929,197112,2023-06-25 00:00:00,2023-06-29 00:00:00,118858,197112,2023-06-25 00:00:00,2023-06-27 00:00:00
33168,112039,7,2025-07-13 03:00:00,2025-07-15 03:00:00,140582,345053,2025-07-15 00:00:00,2025-07-16 00:00:00
33673,146287,356516,2023-12-04 00:00:00,2023-12-06 00:00:00,106678,271982,2023-12-05 00:00:00,2023-12-07 00:00:00
35243,104951,267960,2025-11-04 00:00:00,2025-11-08 00:00:00,115230,291200,2025-11-07 00:00:00,2025-11-09 00:00:00
