UserId,DistinctVillas
7,3756
5173,61
19290,51
2233,46
2207,41
13547,38
34,35
22817,35
13642,32
28607,32
4250,31
7372,29
10766,29
9603,26
422,26
585,26
1034,24
13448,22
4985,21
6724,21
18009,21
15329,20
14329,20
128,19
5170,18
212,18
35277,17
24175,15
10680,15
14021,14
6658,14
1575,14
10513,13
4301,13
9184,13
14209,13
7172,13
467,13
10063,13
837,13
13062,13
12450,13
6779,12
6319,12
14222,12
20220,12
23223,12
29819,12
15279,12
2939,11
46650,11
7673,11
1299,11
24523,11
980,11
1721,11
13862,11
12285,11
22625,11
941,10
1185,10
22975,10
27031,10
10061,10
89093,10
11225,9
1386,9
27560,9
19292,9
13336,9
27820,9
9933,9
4260,9
7079,9
17252,9
660,9
54107,9
13051,9
15337,8
1486,8
7406,8
26609,8
15549,8
24649,8
140,8
26962,8
4491,8
16381,8
38055,8
12936,8
36734,8
21432,8
71162,8
17873,8
26413,8
22478,8
38865,8
17968,7
32592,7
33944,7
59412,7
9901,7
15178,7
35280,7
15228,7
40675,7
9308,7
29856,7
20225,7
7239,7
38227,7
22217,7
10331,7
191190,7
1929,7
22932,7
7326,7
14238,7
12480,7
589,7
5636,7
628,7
12984,7
13075,7
13339,7
21071,7
75136,7
9104,7
21519,7
10961,7
88330,7
31538,7
22600,7
6520,7
4656,7
14350,7
44022,7
4216,6
4143,6
21046,6
6840,6
42332,6
83972,6
4344,6
6892,6
21938,6
20720,6
35264,6
46913,6
11867,6
147986,6
12774,6
12692,6
51491,6
167496,6
37554,6
6768,6
38828,6
44517,6
44598,6
39546,6
14074,6
6683,6
43320,6
13960,6
41817,6
14207,6
79770,6
21115,6
8024,6
38,6
15194,6
42686,6
6754,6
15877,6
37978,6
28488,6
687,6
71171,6
285,6
29032,6
28880,6
9527,6
7483,6
19164,6
1352,6
25203,6
26712,6
18878,6
25679,6
18476,6
1559,6
1686,6
244,6
237961,6
19912,6
106454,5
6475,5
127070,5
12640,5
21617,5
19011,5
14195,5
5764,5
7737,5
25516,5
1128,5
45006,5
45086,5
107340,5
4980,5
21259,5
22661,5
7390,5
14335,5
8709,5
25688,5
101134,5
7982,5
42542,5
14623,5
10773,5
72586,5
42986,5
51937,5
51482,5
131053,5
23045,5
17340,5
51369,5
1492,5
72803,5
86329,5
1023,5
11031,5
22859,5
54895,5
6186,5
75110,5
49122,5
85224,5
13275,5
6310,5
13122,5
19479,5
81344,5
80811,5
19557,5
23740,5
48708,5
13361,5
802,5
137923,5
109018,5
12724,5
11397,5
45747,5
55187,5
8062,5
13632,5
141577,5
23157,5
54971,5
8931,5
928,5
5191,5
13473,5
12769,5
14425,5
42475,5
42084,5
1846,5
15432,5
9485,5
78230,5
15627,5
196068,5
27812,5
39399,5
2895,5
35070,5
78010,5
67718,5
15912,5
28586,5
16081,5
16097,5
154134,5
19962,5
2140,5
9640,5
16354,5
29303,5
3065,5
2953,5
35471,5
63096,5
78476,5
111249,5
33060,5
7101,5
21667,5
14808,5
41794,5
4277,5
4255,5
10039,5
31454,5
41525,5
15085,5
7073,5
214,5
76340,5
40921,5
9764,5
1790,5
40560,5
148735,4
12303,4
63165,4
52773,4
9768,4
66467,4
163494,4
161026,4
65114,4
63816,4
10218,4
8488,4
10185,4
66060,4
52953,4
12234,4
66587,4
11836,4
148139,4
11685,4
8149,4
53524,4
10161,4
12170,4
72052,4
53382,4
161596,4
8540,4
161908,4
52029,4
11961,4
10342,4
54554,4
68260,4
58048,4
60742,4
58105,4
9463,4
10580,4
70003,4
10905,4
58546,4
68345,4
140944,4
68425,4
59843,4
142822,4
142268,4
73865,4
58795,4
9309,4
69902,4
9177,4
10964,4
11566,4
136916,4
54689,4
138847,4
10272,4
54829,4
10314,4
67208,4
72766,4
61929,4
137250,4
70196,4
70960,4
56643,4
20956,4
61299,4
9491,4
73811,4
57635,4
60870,4
65429,4
56758,4
164247,4
27933,4
29576,4
29306,4
29149,4
17891,4
18004,4
28355,4
18069,4
27540,4
26177,4
27520,4
18238,4
26861,4
18372,4
18382,4
26541,4
18458,4
29875,4
17730,4
29980,4
17674,4
198097,4
33437,4
33361,4
17148,4
200182,4
17175,4
17230,4
17248,4
32498,4
31242,4
17475,4
30854,4
30530,4
30380,4
206326,4
26349,4
18630,4
34521,4
22662,4
23732,4
23616,4
19631,4
23542,4
23394,4
22960,4
226005,4
20041,4
26047,4
22520,4
22512,4
22479,4
20340,4
21868,4
21141,4
20887,4
23806,4
19450,4
24060,4
19358,4
25986,4
25659,4
18899,4
18999,4
25195,4
24965,4
19201,4
19205,4
19232,4
24356,4
24302,4
24274,4
24201,4
19341,4
24091,4
34021,4
16752,4
12455,4
47021,4
13055,4
169513,4
48077,4
13200,4
47818,4
47733,4
13321,4
13532,4
14035,4
46235,4
45700,4
45691,4
45470,4
13852,4
13861,4
45280,4
48648,4
48767,4
12957,4
12955,4
12507,4
51025,4
12589,4
50264,4
49802,4
12747,4
49650,4
49596,4
49559,4
167876,4
12854,4
49143,4
49091,4
12907,4
12918,4
45153,4
45005,4
16584,4
37785,4
15642,4
39386,4
188261,4
38929,4
15860,4
38573,4
37979,4
37632,4
14092,4
37052,4
36871,4
36533,4
36445,4
36418,4
36009,4
16554,4
39599,4
39669,4
15451,4
40265,4
44460,4
44406,4
44211,4
14308,4
180610,4
42984,4
42658,4
42204,4
42194,4
42069,4
184918,4
15094,4
41269,4
15312,4
40322,4
74292,4
21009,4
1522,4
133349,4
101388,4
84677,4
7062,4
124916,4
133222,4
5511,4
101198,4
92630,4
92886,4
77094,4
92956,4
93088,4
93398,4
6893,4
83743,4
83555,4
6787,4
84871,4
101601,4
132002,4
3736,4
118945,4
91085,4
75661,4
134305,4
108255,4
108456,4
75805,4
5149,4
3967,4
102392,4
5219,4
91579,4
5295,4
1081,4
101717,4
124316,4
91739,4
100206,4
3272,4
7306,4
129751,4
6065,4
95360,4
97101,4
115457,4
80440,4
95443,4
115445,4
113402,4
6118,4
129362,4
128436,4
96329,4
80822,4
80969,4
2661,4
81168,4
128552,4
6057,4
341657,4
3248,4
129954,4
6651,4
78342,4
93926,4
1843,4
94531,4
99006,4
78776,4
1963,4
94830,4
82649,4
112477,4
127599,4
115861,4
5970,4
2193,4
2225,4
81956,4
4168,4
95956,4
86773,4
5023,4
88858,4
7746,4
4500,4
327498,4
107336,4
114,4
75016,4
104551,4
105909,4
135287,4
88831,4
86345,4
4698,4
227,4
105177,4
135647,4
89942,4
4283,4
87174,4
61,4
4380,4
121128,4
29,4
86793,4
60,4
106380,4
394,4
75102,4
75035,4
75303,4
86710,4
86146,4
74866,4
36319,3
120637,3
36163,3
193286,3
42897,3
42923,3
89930,3
35922,3
193869,3
36012,3
36060,3
184807,3
36420,3
116297,3
37851,3
93879,3
181365,3
191276,3
37674,3
116424,3
94401,3
37523,3
37508,3
37430,3
37427,3
94751,3
192171,3
36923,3
94543,3
116054,3
36739,3
116023,3
35908,3
42582,3
94677,3
36484,3
192816,3
120762,3
35895,3
95684,3
115400,3
33930,3
197425,3
33901,3
197917,3
95583,3
198244,3
179089,3
120982,3
33540,3
43642,3
35808,3
179064,3
95807,3
33303,3
43907,3
198621,3
114728,3
199254,3
32905,3
178564,3
32890,3
34158,3
196874,3
43489,3
179189,3
42950,3
35675,3
89873,3
94976,3
35537,3
35529,3
190878,3
95105,3
115674,3
35463,3
195537,3
43298,3
115667,3
115641,3
115608,3
35125,3
95382,3
120792,3
196193,3
196320,3
34666,3
90011,3
117074,3
37937,3
39726,3
40615,3
186161,3
118631,3
40475,3
91598,3
118611,3
40385,3
186413,3
40335,3
41872,3
41892,3
41901,3
118541,3
40136,3
183019,3
92111,3
40131,3
186902,3
119541,3
40051,3
186951,3
187101,3
39871,3
40641,3
40658,3
183601,3
41065,3
90876,3
41481,3
90907,3
41302,3
119495,3
185101,3
41213,3
41124,3
184458,3
118833,3
184411,3
186067,3
41611,3
41718,3
41774,3
40983,3
40924,3
118791,3
91511,3
185771,3
40686,3
91553,3
39847,3
41942,3
117032,3
41991,3
90439,3
189567,3
38664,3
189882,3
93522,3
117348,3
38469,3
190053,3
90271,3
38347,3
120186,3
38331,3
38288,3
42387,3
38282,3
117179,3
41383,3
182112,3
38039,3
93811,3
38033,3
38030,3
42448,3
117565,3
182653,3
93344,3
92602,3
42011,3
92226,3
39720,3
92232,3
39658,3
90601,3
39605,3
92279,3
114587,3
90550,3
118254,3
38862,3
39394,3
92955,3
42132,3
188548,3
39167,3
188828,3
39000,3
188996,3
38886,3
93152,3
74389,3
30846,3
96020,3
222122,3
108792,3
102336,3
24087,3
108752,3
24055,3
24042,3
24002,3
221498,3
23976,3
102499,3
23937,3
23919,3
221999,3
23851,3
102090,3
108463,3
23762,3
23759,3
102681,3
102727,3
102854,3
107947,3
23583,3
23547,3
102979,3
23535,3
23473,3
23456,3
108938,3
101984,3
25766,3
25167,3
101234,3
217434,3
109789,3
101267,3
101312,3
25511,3
25341,3
218598,3
109757,3
109625,3
101567,3
25193,3
218800,3
25150,3
101899,3
25074,3
24982,3
101637,3
24888,3
24686,3
101660,3
101673,3
101713,3
24544,3
24421,3
101830,3
101864,3
101874,3
23434,3
107596,3
23392,3
21800,3
22365,3
105038,3
22346,3
226815,3
22270,3
22253,3
227502,3
227869,3
21968,3
21966,3
105073,3
21912,3
21896,3
21726,3
23335,3
228518,3
228605,3
105201,3
105264,3
21600,3
21528,3
105310,3
229186,3
105380,3
21190,3
21122,3
105385,3
105491,3
22400,3
22471,3
106040,3
104757,3
23302,3
23296,3
23289,3
223940,3
107436,3
224147,3
107359,3
23137,3
103419,3
107210,3
107163,3
22954,3
107011,3
106947,3
22874,3
106777,3
104218,3
106563,3
106556,3
106495,3
22638,3
106396,3
22614,3
22598,3
106358,3
104462,3
106299,3
25738,3
217006,3
32539,3
112602,3
29959,3
206646,3
97506,3
112826,3
206826,3
112637,3
29746,3
207185,3
29652,3
29550,3
29387,3
207598,3
97671,3
29170,3
30000,3
112581,3
29105,3
97867,3
97961,3
29022,3
28927,3
28787,3
208693,3
112361,3
98171,3
28582,3
112266,3
98240,3
112954,3
30040,3
25816,3
113342,3
96042,3
114415,3
114412,3
96245,3
32481,3
200899,3
201510,3
201542,3
201671,3
31773,3
31716,3
31659,3
202615,3
31411,3
113078,3
96966,3
113244,3
31120,3
31113,3
30948,3
30926,3
97035,3
121135,3
97041,3
30424,3
97086,3
30233,3
30084,3
98322,3
98393,3
210493,3
110246,3
26681,3
26674,3
26636,3
26596,3
100389,3
110646,3
26493,3
110600,3
26487,3
26463,3
26444,3
26432,3
26430,3
26365,3
28236,3
100835,3
26248,3
100929,3
26123,3
110167,3
26107,3
100948,3
26027,3
110145,3
110067,3
25973,3
25913,3
25910,3
26694,3
26708,3
100191,3
110959,3
28194,3
210742,3
28003,3
111559,3
27874,3
27863,3
27860,3
111522,3
99350,3
27641,3
111315,3
99655,3
99704,3
27477,3
27468,3
27310,3
27203,3
111149,3
213158,3
26967,3
100089,3
111116,3
26847,3
214433,3
26779,3
26728,3
100137,3
44051,3
176223,3
89460,3
77882,3
63281,3
63217,3
132324,3
77657,3
77749,3
63004,3
62927,3
62895,3
62810,3
62757,3
62719,3
62709,3
62453,3
149812,3
77542,3
62378,3
62350,3
61958,3
131745,3
61923,3
61589,3
61388,3
78157,3
61253,3
61101,3
151678,3
151733,3
60918,3
63342,3
63594,3
60622,3
65020,3
76215,3
65704,3
146544,3
65627,3
65540,3
65527,3
146972,3
146991,3
147192,3
65345,3
147370,3
147375,3
133262,3
64727,3
148273,3
76666,3
76963,3
147832,3
64584,3
147848,3
64348,3
64322,3
132664,3
77418,3
148192,3
63996,3
77485,3
77526,3
78439,3
60472,3
55616,3
57207,3
155488,3
79131,3
79209,3
130525,3
155551,3
155576,3
155630,3
130307,3
57617,3
79814,3
57530,3
57523,3
156642,3
57120,3
79005,3
56974,3
56843,3
56699,3
80115,3
56319,3
158058,3
158529,3
158639,3
56013,3
55931,3
55922,3
55863,3
55832,3
58095,3
130961,3
60431,3
59405,3
60418,3
60197,3
131296,3
60061,3
153908,3
78626,3
153916,3
59537,3
131220,3
59488,3
59442,3
59428,3
78640,3
78712,3
155327,3
154194,3
59368,3
59294,3
78810,3
78919,3
154483,3
58661,3
154670,3
58615,3
58559,3
78956,3
58460,3
58136,3
65712,3
65806,3
146493,3
139293,3
138223,3
72359,3
75084,3
72335,3
72124,3
72081,3
138584,3
72029,3
138656,3
71893,3
71874,3
138878,3
138879,3
139361,3
137944,3
71262,3
75113,3
75116,3
135141,3
139734,3
135109,3
70762,3
70702,3
70660,3
135031,3
70181,3
70119,3
70061,3
135317,3
72718,3
65915,3
74767,3
135823,3
135808,3
135921,3
74440,3
74106,3
135784,3
74014,3
73894,3
74646,3
74649,3
136729,3
74672,3
136878,3
73448,3
72738,3
137201,3
137369,3
137408,3
73133,3
73132,3
137511,3
72954,3
72945,3
72863,3
72821,3
137843,3
72771,3
74880,3
75306,3
134863,3
70019,3
67043,3
67811,3
143656,3
75900,3
67698,3
67686,3
67522,3
75976,3
144560,3
67306,3
67219,3
75978,3
144683,3
75980,3
67022,3
75342,3
66933,3
66769,3
66648,3
133806,3
133787,3
133768,3
76167,3
66464,3
66419,3
66153,3
146131,3
133518,3
65927,3
67869,3
75892,3
67902,3
143362,3
134728,3
141183,3
75417,3
141364,3
69626,3
141501,3
134724,3
69250,3
75473,3
69204,3
69194,3
69073,3
75509,3
142321,3
68737,3
68499,3
142606,3
134549,3
134488,3
68381,3
68362,3
75560,3
68147,3
68145,3
143156,3
134063,3
67954,3
55695,3
55595,3
89350,3
46857,3
85118,3
47390,3
47386,3
124413,3
47384,3
124339,3
47337,3
47022,3
85339,3
47006,3
47003,3
46985,3
124185,3
46854,3
170529,3
172177,3
172249,3
46709,3
85565,3
85740,3
172498,3
172617,3
46597,3
172662,3
172684,3
85741,3
46510,3
172920,3
171090,3
85022,3
123809,3
48509,3
83920,3
48944,3
48906,3
83942,3
125865,3
48873,3
168421,3
84021,3
168458,3
84053,3
84093,3
125772,3
48531,3
48461,3
47751,3
48393,3
48376,3
125610,3
84428,3
48321,3
48228,3
124813,3
84611,3
48078,3
47962,3
170113,3
47820,3
84921,3
173219,3
85937,3
55543,3
44525,3
44995,3
88294,3
176067,3
74344,3
44879,3
44853,3
44803,3
176516,3
44729,3
176769,3
44627,3
122347,3
44534,3
88600,3
87687,3
122171,3
88635,3
88787,3
44458,3
44419,3
89030,3
177348,3
44260,3
89129,3
44154,3
121442,3
44124,3
44108,3
122539,3
122745,3
46480,3
45479,3
123681,3
173534,3
45995,3
173820,3
45985,3
45874,3
173968,3
85978,3
86023,3
86077,3
174336,3
45558,3
45556,3
174641,3
45027,3
45427,3
86198,3
86254,3
45220,3
175106,3
45189,3
45185,3
175374,3
45174,3
45161,3
86385,3
45109,3
175949,3
48983,3
49004,3
83613,3
162437,3
162054,3
53106,3
53006,3
52968,3
162276,3
52963,3
81717,3
52925,3
162354,3
52860,3
81719,3
52694,3
81806,3
52563,3
53385,3
52546,3
162683,3
162881,3
52357,3
52331,3
52152,3
81814,3
52113,3
52082,3
52055,3
51963,3
51941,3
163474,3
53274,3
128688,3
49018,3
54687,3
55464,3
55411,3
159889,3
80524,3
55157,3
160009,3
129579,3
54962,3
54958,3
54912,3
80588,3
129433,3
80716,3
160438,3
161638,3
54636,3
54580,3
129280,3
54488,3
160947,3
53940,3
161283,3
53745,3
53677,3
53600,3
53526,3
128793,3
81454,3
81886,3
81907,3
127953,3
83159,3
167203,3
126664,3
49744,3
49699,3
126663,3
83031,3
49620,3
126469,3
49602,3
83123,3
126370,3
49570,3
83148,3
167523,3
51817,3
49431,3
49378,3
49288,3
167871,3
83205,3
83450,3
49206,3
49170,3
49152,3
126138,3
83501,3
168082,3
49020,3
126744,3
82937,3
49877,3
166810,3
51794,3
163748,3
51710,3
51621,3
164154,3
81981,3
82034,3
82180,3
51495,3
82261,3
127559,3
82432,3
164598,3
164633,3
50941,3
164891,3
50823,3
127063,3
50702,3
50577,3
50405,3
50343,3
165858,3
126854,3
166338,3
126762,3
50120,3
3,3
105532,3
10877,3
242686,3
292530,3
9115,3
9179,3
3379,3
17793,3
17813,3
17828,3
12766,3
12754,3
12742,3
17862,3
3173,3
12679,3
291557,3
12659,3
17905,3
17936,3
3147,3
270354,3
3100,3
241112,3
241087,3
12597,3
2905,3
9477,3
289767,3
12576,3
269425,3
242691,3
11514,3
17680,3
4487,3
245259,3
4434,3
13205,3
244527,3
13171,3
8591,3
13166,3
4305,3
243725,3
17429,3
327837,3
4161,3
17522,3
17574,3
12983,3
12958,3
3708,3
243309,3
268147,3
3636,3
12901,3
12894,3
9050,3
12876,3
9099,3
17677,3
2760,3
2740,3
9514,3
18224,3
9871,3
11830,3
9888,3
2137,3
18733,3
9890,3
9927,3
18758,3
11785,3
237744,3
11771,3
273648,3
9985,3
9993,3
18953,3
19044,3
19077,3
19154,3
285679,3
1870,3
1858,3
1849,3
1744,3
11589,3
10179,3
10190,3
11577,3
11863,3
18631,3
237988,3
12276,3
9562,3
288775,3
2645,3
2633,3
12440,3
18311,3
18327,3
18328,3
2566,3
18345,3
9690,3
239478,3
18384,3
18613,3
12250,3
12221,3
18406,3
12209,3
12192,3
2486,3
12112,3
2380,3
2369,3
287569,3
9804,3
2327,3
8476,3
13289,3
8411,3
16150,3
6598,3
257855,3
15607,3
257878,3
15610,3
304808,3
5902,3
6751,3
15755,3
5831,3
14453,3
5806,3
6915,3
5759,3
15871,3
313563,3
259018,3
14421,3
5722,3
250820,3
250778,3
15955,3
16076,3
16095,3
16116,3
14328,3
314366,3
15603,3
252492,3
310998,3
253374,3
15110,3
15119,3
6394,3
308353,3
6332,3
6317,3
15234,3
6291,3
14996,3
14962,3
6440,3
256212,3
14803,3
257562,3
14751,3
6447,3
15413,3
14735,3
15423,3
252836,3
6506,3
14712,3
14707,3
6107,3
6572,3
15524,3
16149,3
5595,3
13330,3
260181,3
263317,3
319824,3
16662,3
7925,3
13701,3
13700,3
4873,3
13693,3
16740,3
13683,3
4793,3
13576,3
16876,3
4756,3
16887,3
16923,3
8170,3
16966,3
8217,3
13450,3
246184,3
17065,3
294349,3
8355,3
8361,3
8367,3
8376,3
7789,3
13851,3
7656,3
16410,3
7116,3
14254,3
16263,3
16289,3
16321,3
7207,3
16356,3
7237,3
5390,3
16400,3
14123,3
7287,3
7290,3
13869,3
7314,3
5300,3
7346,3
248879,3
262716,3
13943,3
13937,3
248195,3
5147,3
16518,3
7579,3
16521,3
10203,3
242742,3
10500,3
10731,3
231424,3
1379,3
10305,3
19478,3
11400,3
512,3
19943,3
10949,3
19959,3
10727,3
231065,3
19897,3
10913,3
20268,3
10907,3
1586,3
234,3
1590,3
10299,3
1643,3
20805,3
676,3
276563,3
299,3
230368,3
393,3
957,3
20566,3
276901,3
1100,3
10403,3
231880,3
19794,3
456,3
1109,3
10618,3
20442,3
10565,3
895,3
19659,3
10334,3
1176,3
347,3
502,3
19823,3
1292,3
19860,3
11332,3
10897,3
1510,3
652,3
20010,3
89,3
11448,3
11159,3
10247,3
233278,3
10881,3
19286,3
11444,3
20866,3
300265,2
137636,2
137532,2
300547,2
153053,2
153141,2
135121,2
300514,2
294619,2
137551,2
299622,2
153102,2
153115,2
153129,2
137585,2
137637,2
300257,2
137026,2
152997,2
137524,2
298712,2
135535,2
295144,2
282309,2
295051,2
135413,2
135348,2
298915,2
137496,2
299006,2
299191,2
135265,2
299288,2
135223,2
152932,2
299317,2
299352,2
299377,2
151912,2
152948,2
135175,2
135146,2
294789,2
134855,2
134788,2
300599,2
153386,2
137838,2
134449,2
153456,2
134438,2
153472,2
134434,2
282254,2
134376,2
134348,2
300995,2
134336,2
134309,2
301134,2
134281,2
134257,2
134215,2
134209,2
301158,2
134132,2
134089,2
134087,2
137792,2
134477,2
294475,2
153355,2
137492,2
134784,2
137715,2
137778,2
134780,2
134765,2
300775,2
153253,2
153261,2
300907,2
153300,2
294460,2
134695,2
134621,2
134608,2
153308,2
134598,2
134570,2
300947,2
153331,2
300986,2
135547,2
135566,2
135550,2
136554,2
137036,2
136528,2
152197,2
136349,2
296532,2
136230,2
136200,2
136181,2
296607,2
137102,2
136167,2
136152,2
136137,2
136133,2
137171,2
137173,2
136125,2
152706,2
152132,2
136114,2
295689,2
136542,2
296461,2
152913,2
296433,2
137004,2
136971,2
136930,2
282493,2
296011,2
136893,2
296064,2
136849,2
136837,2
136830,2
152450,2
152225,2
136805,2
136774,2
136750,2
296208,2
152618,2
136697,2
136615,2
296403,2
136609,2
137243,2
282441,2
136044,2
295523,2
135778,2
135728,2
297961,2
297996,2
298327,2
135718,2
135657,2
137377,2
298340,2
135648,2
298359,2
298464,2
152053,2
298469,2
295275,2
137410,2
152862,2
135638,2
135632,2
137431,2
152342,2
297810,2
135788,2
135802,2
137311,2
137257,2
297063,2
297113,2
152754,2
135908,2
135887,2
137307,2
297434,2
135883,2
152849,2
297758,2
135874,2
297445,2
135832,2
152853,2
152119,2
152082,2
282364,2
134021,2
297496,2
153534,2
284633,2
153598,2
154255,2
154275,2
305138,2
305374,2
131216,2
131203,2
154308,2
131193,2
305542,2
131188,2
305836,2
154311,2
281075,2
131187,2
154313,2
131185,2
306012,2
154324,2
131168,2
131107,2
131102,2
306463,2
306714,2
306738,2
131232,2
154221,2
130881,2
131241,2
304493,2
131738,2
131647,2
131629,2
304505,2
131589,2
131588,2
281422,2
131581,2
131543,2
131513,2
304886,2
131490,2
131471,2
304941,2
131458,2
281169,2
131367,2
281151,2
131333,2
131306,2
305127,2
131265,2
130956,2
154332,2
133961,2
130417,2
280820,2
130377,2
130327,2
307614,2
130286,2
130232,2
130210,2
130168,2
130162,2
307744,2
307883,2
154613,2
130140,2
130083,2
130056,2
130023,2
130014,2
129996,2
129970,2
154625,2
154662,2
280807,2
129893,2
130405,2
280923,2
154337,2
130418,2
154426,2
130855,2
130794,2
130781,2
154436,2
130760,2
130729,2
130717,2
130702,2
130680,2
130664,2
306783,2
154443,2
154452,2
130571,2
130535,2
130532,2
306988,2
154457,2
130500,2
154469,2
130457,2
130434,2
304192,2
131752,2
131803,2
133463,2
302264,2
133450,2
133440,2
133366,2
133361,2
302270,2
133266,2
302279,2
133250,2
133235,2
302359,2
133206,2
302603,2
133185,2
133184,2
153814,2
133139,2
153826,2
133065,2
132990,2
153869,2
132976,2
132961,2
153812,2
153773,2
131880,2
133487,2
133944,2
282153,2
301249,2
133894,2
133871,2
133865,2
301428,2
301437,2
301547,2
153636,2
133858,2
133808,2
301630,2
301678,2
301701,2
133654,2
133647,2
153704,2
153720,2
294343,2
301720,2
153730,2
301986,2
302650,2
132956,2
132888,2
132775,2
132391,2
132340,2
282043,2
281963,2
132315,2
132284,2
132243,2
154022,2
303901,2
132194,2
154033,2
304145,2
132121,2
132114,2
132072,2
132061,2
132046,2
281737,2
132030,2
281639,2
304177,2
131995,2
131974,2
153993,2
132429,2
303688,2
132654,2
303034,2
132753,2
132752,2
132740,2
132738,2
132711,2
132703,2
132681,2
282095,2
303059,2
153912,2
153970,2
132632,2
132629,2
303289,2
282076,2
132579,2
303327,2
153918,2
132483,2
303437,2
132473,2
133553,2
138007,2
137859,2
144715,2
288097,2
145114,2
149564,2
149686,2
283486,2
145053,2
145046,2
144962,2
144931,2
144775,2
144745,2
288135,2
145904,2
288310,2
288424,2
144621,2
288457,2
288724,2
144544,2
144535,2
144514,2
144253,2
144163,2
149703,2
145126,2
287721,2
145221,2
149548,2
145885,2
287535,2
287567,2
149513,2
145875,2
145775,2
145744,2
145707,2
145653,2
149526,2
287624,2
145600,2
287673,2
145596,2
145553,2
145489,2
145421,2
145420,2
145343,2
149527,2
287677,2
145333,2
283665,2
149731,2
144003,2
143977,2
143273,2
143255,2
143218,2
149950,2
143164,2
149956,2
149958,2
143128,2
289818,2
143105,2
143024,2
289860,2
143017,2
143010,2
142908,2
149978,2
289874,2
289975,2
142882,2
290031,2
290225,2
142873,2
142844,2
290419,2
143258,2
289736,2
283388,2
143304,2
143949,2
143930,2
143905,2
149857,2
143819,2
143788,2
143785,2
143778,2
143733,2
288853,2
288909,2
143707,2
288944,2
289044,2
143545,2
143460,2
143429,2
283319,2
289290,2
143370,2
149877,2
289605,2
143359,2
145890,2
145932,2
282555,2
148836,2
147965,2
147942,2
285599,2
284387,2
285656,2
285667,2
147775,2
147762,2
148805,2
147754,2
147705,2
284247,2
146091,2
147667,2
147653,2
147643,2
285697,2
284212,2
147602,2
286031,2
147589,2
147541,2
147528,2
147479,2
285554,2
285446,2
285438,2
148006,2
148448,2
148408,2
148485,2
148386,2
148370,2
148363,2
148361,2
148502,2
148326,2
284805,2
148256,2
284592,2
148573,2
148628,2
148222,2
148220,2
148206,2
148639,2
284876,2
148167,2
148142,2
285322,2
148021,2
286135,2
284162,2
286204,2
146554,2
149209,2
146543,2
146531,2
149237,2
149249,2
149263,2
287307,2
287312,2
149304,2
146489,2
146438,2
146374,2
146287,2
146284,2
287443,2
149390,2
149415,2
149422,2
283840,2
146148,2
287513,2
283800,2
146092,2
286886,2
146644,2
147319,2
146700,2
148925,2
147159,2
286256,2
147156,2
147122,2
147094,2
147009,2
286534,2
286546,2
286754,2
148975,2
146955,2
149090,2
286833,2
146910,2
146898,2
146894,2
286874,2
146889,2
149171,2
146731,2
146723,2
283921,2
142813,2
142761,2
149992,2
139146,2
293039,2
139452,2
139410,2
139386,2
293239,2
139344,2
139342,2
293264,2
139241,2
139214,2
139206,2
139127,2
290425,2
139076,2
151144,2
139073,2
139042,2
139008,2
293283,2
293407,2
283002,2
138854,2
293532,2
138835,2
139483,2
139498,2
139524,2
139546,2
292637,2
140158,2
140150,2
151017,2
140143,2
140103,2
139996,2
139990,2
139940,2
151026,2
151094,2
139876,2
139860,2
283016,2
139842,2
139803,2
292841,2
139719,2
139675,2
292884,2
293030,2
139632,2
139618,2
151178,2
138817,2
293608,2
138383,2
138235,2
294265,2
138201,2
138166,2
138120,2
138106,2
138064,2
138012,2
282938,2
294269,2
148484,2
137953,2
151633,2
282904,2
294314,2
137901,2
151701,2
282692,2
151740,2
137882,2
137869,2
137862,2
151788,2
138237,2
294172,2
138810,2
294139,2
293634,2
138765,2
138762,2
151267,2
138685,2
293833,2
151374,2
138644,2
293892,2
138635,2
151439,2
294015,2
138576,2
151473,2
294067,2
294136,2
151506,2
138547,2
138534,2
138510,2
138495,2
138493,2
138435,2
140160,2
283100,2
150995,2
141799,2
291342,2
150211,2
291391,2
141798,2
291507,2
141727,2
141722,2
141701,2
150255,2
141656,2
141607,2
150265,2
291508,2
141510,2
150308,2
291611,2
141497,2
141487,2
141464,2
150317,2
141410,2
141392,2
141386,2
150207,2
141846,2
291651,2
141861,2
142505,2
290974,2
142492,2
150088,2
142393,2
142385,2
150125,2
142369,2
291115,2
142337,2
291190,2
142298,2
142292,2
291202,2
142213,2
142180,2
142088,2
142087,2
142086,2
291259,2
150206,2
142079,2
141917,2
283232,2
141310,2
150958,2
150832,2
150890,2
140796,2
129856,2
140777,2
140767,2
140725,2
140667,2
150921,2
140620,2
140547,2
140533,2
140448,2
140424,2
283121,2
150947,2
140276,2
140262,2
140244,2
150952,2
140233,2
140229,2
292551,2
140215,2
140800,2
140827,2
150343,2
150695,2
141259,2
141251,2
283226,2
291726,2
150366,2
141212,2
292102,2
150406,2
141145,2
141106,2
141087,2
141041,2
140999,2
150408,2
150412,2
292114,2
292194,2
140895,2
292391,2
292527,2
140892,2
140880,2
150510,2
129860,2
230315,2
307979,2
113944,2
113848,2
113810,2
113786,2
113784,2
113781,2
113688,2
113664,2
113595,2
113591,2
113584,2
113558,2
113462,2
113457,2
113434,2
339771,2
113379,2
339822,2
113336,2
113304,2
113298,2
340050,2
340143,2
340277,2
113224,2
113180,2
113130,2
340344,2
113916,2
113950,2
112985,2
113955,2
114697,2
339123,2
114675,2
114661,2
114547,2
339124,2
114516,2
114431,2
114418,2
339256,2
114409,2
114338,2
114322,2
114294,2
114287,2
339322,2
114280,2
114226,2
339612,2
114188,2
114180,2
114156,2
114146,2
114113,2
114105,2
114072,2
114062,2
113059,2
112972,2
118100,2
345279,2
112152,2
112127,2
112123,2
112117,2
112059,2
112039,2
112027,2
111940,2
111936,2
111911,2
111891,2
111877,2
111852,2
111850,2
111841,2
111840,2
111803,2
111792,2
111746,2
111695,2
345889,2
346110,2
111555,2
111533,2
346437,2
111514,2
111456,2
112185,2
344174,2
340590,2
112196,2
112947,2
112927,2
112876,2
112846,2
340760,2
112835,2
112800,2
112720,2
112702,2
341688,2
112624,2
341709,2
112615,2
341858,2
342017,2
112572,2
342190,2
112526,2
342425,2
112449,2
112419,2
342913,2
112299,2
343219,2
343501,2
112247,2
343811,2
338987,2
114765,2
114787,2
117015,2
335016,2
116946,2
116926,2
116920,2
116857,2
116834,2
116831,2
116811,2
116797,2
116743,2
116735,2
116720,2
116691,2
116690,2
116607,2
116601,2
116572,2
116526,2
116508,2
116456,2
116428,2
116400,2
116381,2
116308,2
335166,2
335707,2
116226,2
116973,2
334655,2
114795,2
334434,2
118028,2
118010,2
332524,2
117931,2
117929,2
117898,2
117894,2
117852,2
117830,2
117766,2
117765,2
117687,2
333207,2
117669,2
333243,2
117619,2
117592,2
333688,2
117561,2
334027,2
117282,2
117241,2
334070,2
117148,2
117121,2
334232,2
117037,2
116207,2
116199,2
336106,2
116103,2
115580,2
115546,2
338411,2
115543,2
338464,2
115454,2
338487,2
338495,2
115347,2
115315,2
115304,2
115297,2
115288,2
115230,2
115186,2
115149,2
338697,2
115138,2
115124,2
115006,2
114993,2
114991,2
114990,2
338840,2
114950,2
114880,2
114848,2
338040,2
115597,2
115602,2
336657,2
116057,2
336117,2
336294,2
116021,2
116004,2
115980,2
336572,2
115936,2
115927,2
336613,2
115910,2
115888,2
115883,2
337994,2
115875,2
336680,2
115817,2
336908,2
115807,2
115805,2
337258,2
115749,2
115721,2
337334,2
337347,2
115664,2
111455,2
111441,2
346491,2
107440,2
107435,2
107427,2
107396,2
359776,2
107356,2
107350,2
359885,2
360082,2
107303,2
107240,2
107228,2
360236,2
107208,2
107192,2
107188,2
107076,2
107051,2
360404,2
106982,2
360438,2
106906,2
106891,2
106850,2
106825,2
106815,2
106807,2
106790,2
358977,2
107483,2
357389,2
107548,2
108602,2
108586,2
108533,2
357420,2
108454,2
108446,2
108259,2
357588,2
357636,2
108223,2
108181,2
108174,2
108159,2
108118,2
108056,2
357809,2
108021,2
108013,2
358123,2
107759,2
358571,2
107714,2
107686,2
107664,2
358826,2
107593,2
107592,2
106788,2
360853,2
106728,2
106722,2
106049,2
363975,2
106032,2
364036,2
367611,2
105884,2
105872,2
368059,2
105871,2
105838,2
368258,2
105821,2
369999,2
105817,2
105780,2
105773,2
105763,2
105757,2
372118,2
372481,2
105737,2
105713,2
105683,2
105639,2
372852,2
105607,2
105580,2
106094,2
363721,2
106107,2
106499,2
106675,2
106660,2
106631,2
106620,2
106616,2
106605,2
106603,2
106597,2
106587,2
106567,2
361554,2
362561,2
106450,2
106110,2
106400,2
362632,2
362642,2
363062,2
363621,2
106351,2
106260,2
363665,2
106255,2
106183,2
106160,2
106134,2
108663,2
108670,2
111432,2
348149,2
110626,2
110620,2
348171,2
110574,2
110552,2
110544,2
110526,2
110457,2
110418,2
110400,2
110395,2
110374,2
110365,2
110330,2
110309,2
110306,2
348498,2
110243,2
110236,2
349286,2
110220,2
110205,2
110199,2
349703,2
110173,2
349984,2
110161,2
348166,2
110657,2
356732,2
110718,2
111417,2
111364,2
111352,2
111322,2
111321,2
346771,2
111312,2
111170,2
111164,2
111158,2
111157,2
346833,2
111127,2
346939,2
347366,2
347660,2
111088,2
347934,2
110948,2
347941,2
110942,2
110899,2
110845,2
110843,2
110772,2
110766,2
110752,2
110156,2
351201,2
110142,2
110120,2
352998,2
353814,2
109478,2
109442,2
354222,2
354385,2
354672,2
109429,2
109401,2
109268,2
109234,2
109163,2
109045,2
354726,2
109012,2
354752,2
108986,2
108959,2
355208,2
108879,2
108781,2
108767,2
108764,2
355850,2
356200,2
108714,2
108707,2
109481,2
109482,2
109486,2
352458,2
110071,2
110055,2
110020,2
109995,2
109934,2
109882,2
351713,2
109869,2
109798,2
351818,2
351906,2
109784,2
109762,2
109496,2
109729,2
109724,2
352494,2
109705,2
109685,2
109655,2
352663,2
352914,2
109624,2
352962,2
109615,2
109568,2
118081,2
118114,2
129843,2
314414,2
125919,2
125891,2
314516,2
314575,2
125870,2
314660,2
314745,2
314769,2
314822,2
125844,2
125827,2
125820,2
314894,2
125763,2
125627,2
125622,2
125613,2
315109,2
125600,2
125580,2
125491,2
125474,2
125436,2
125435,2
125371,2
125303,2
125263,2
125952,2
125959,2
125097,2
126003,2
126485,2
313678,2
126440,2
126390,2
126381,2
313810,2
313946,2
313976,2
126355,2
313995,2
126335,2
126284,2
126232,2
126224,2
126217,2
126166,2
126159,2
314080,2
314095,2
126133,2
314164,2
126087,2
126080,2
126063,2
126062,2
126018,2
314323,2
125252,2
315223,2
332239,2
124491,2
124431,2
317373,2
124398,2
317388,2
124396,2
124342,2
317471,2
317629,2
124294,2
124206,2
124203,2
124197,2
317847,2
124160,2
124117,2
124112,2
124098,2
318193,2
124068,2
124019,2
124000,2
123952,2
318231,2
123914,2
123903,2
123878,2
123834,2
124445,2
316947,2
124973,2
124492,2
124936,2
315292,2
124912,2
124901,2
124848,2
124839,2
124829,2
316166,2
124807,2
124776,2
316271,2
124755,2
124704,2
124689,2
316359,2
124685,2
124655,2
124629,2
124625,2
124602,2
124591,2
316451,2
124582,2
124544,2
316751,2
124535,2
124496,2
126554,2
126652,2
313600,2
129123,2
129112,2
129100,2
129043,2
129038,2
129023,2
309592,2
129002,2
128992,2
128983,2
128952,2
128917,2
128895,2
309790,2
128789,2
309863,2
128709,2
310037,2
128694,2
128691,2
310263,2
128664,2
128648,2
128606,2
128578,2
128574,2
310618,2
310707,2
129118,2
129151,2
313529,2
309552,2
129797,2
129776,2
129771,2
308141,2
129720,2
308244,2
129698,2
129677,2
129634,2
129590,2
308412,2
129522,2
129500,2
129445,2
308544,2
129431,2
129414,2
129380,2
129371,2
308615,2
129309,2
129290,2
308727,2
309221,2
129273,2
129175,2
129163,2
128374,2
128343,2
128330,2
128313,2
127647,2
127644,2
127610,2
312757,2
312983,2
127533,2
127527,2
313059,2
127482,2
127348,2
127337,2
127266,2
127220,2
127157,2
127151,2
127126,2
313172,2
127083,2
313223,2
127016,2
126983,2
126930,2
126799,2
313457,2
126760,2
313509,2
126713,2
312150,2
127677,2
127686,2
127961,2
128274,2
310724,2
128235,2
128227,2
128150,2
128118,2
280745,2
310941,2
128092,2
128019,2
128004,2
127979,2
311287,2
127687,2
311535,2
127946,2
127931,2
311659,2
127929,2
312059,2
127869,2
127842,2
312092,2
127768,2
127750,2
127743,2
123815,2
318235,2
123792,2
120136,2
120034,2
120009,2
326984,2
119996,2
119980,2
327329,2
119931,2
119909,2
119877,2
119839,2
119782,2
119729,2
119669,2
119661,2
119639,2
327346,2
119621,2
119616,2
119589,2
119584,2
119554,2
327416,2
327787,2
119449,2
119392,2
119370,2
119327,2
120082,2
120176,2
121156,2
326573,2
325229,2
121077,2
121045,2
121024,2
121007,2
121004,2
325240,2
120948,2
120896,2
120823,2
120817,2
325513,2
120778,2
325725,2
120749,2
120670,2
120661,2
326163,2
326345,2
120554,2
120551,2
120485,2
120345,2
326531,2
120338,2
120307,2
120227,2
119306,2
119270,2
119163,2
119105,2
329886,2
118538,2
118535,2
118504,2
118495,2
329918,2
330273,2
118469,2
330910,2
118455,2
118448,2
118444,2
118431,2
331209,2
118346,2
118344,2
118340,2
118291,2
118274,2
118263,2
331326,2
331793,2
331842,2
332037,2
118233,2
118170,2
118152,2
118547,2
329842,2
118572,2
328405,2
119075,2
119023,2
118998,2
118986,2
118975,2
118972,2
118948,2
328062,2
328344,2
118879,2
118863,2
118852,2
118832,2
329817,2
328529,2
328658,2
118767,2
118716,2
118676,2
328664,2
118663,2
329221,2
329241,2
329685,2
118618,2
118615,2
324748,2
324597,2
123755,2
123195,2
123182,2
320896,2
123179,2
321018,2
123074,2
123067,2
321441,2
122979,2
122954,2
122939,2
122908,2
122901,2
122898,2
122825,2
321566,2
122805,2
122738,2
122724,2
122717,2
122710,2
122695,2
122690,2
122686,2
122679,2
122621,2
122594,2
122590,2
320201,2
123229,2
121194,2
123252,2
123753,2
123741,2
318272,2
318339,2
318428,2
318431,2
123671,2
318609,2
123641,2
123609,2
318692,2
123602,2
318889,2
123600,2
123597,2
319360,2
123548,2
123545,2
123454,2
319732,2
123452,2
123398,2
123394,2
319843,2
123290,2
123288,2
123277,2
321691,2
122546,2
322222,2
122519,2
121841,2
121837,2
322848,2
323030,2
121809,2
121788,2
121785,2
121755,2
121677,2
121610,2
323301,2
121557,2
121542,2
121503,2
323314,2
323862,2
121498,2
121472,2
324137,2
121419,2
121411,2
121378,2
121368,2
121355,2
121346,2
324223,2
121237,2
322836,2
121914,2
121918,2
122281,2
122453,2
122449,2
122433,2
122415,2
122384,2
122381,2
122361,2
322250,2
122353,2
322630,2
122352,2
122314,2
122272,2
121959,2
122265,2
122258,2
122209,2
322637,2
122202,2
322707,2
122169,2
122167,2
122084,2
122022,2
122013,2
122004,2
310817,2
278226,2
154677,2
200127,2
199893,2
199878,2
199791,2
199743,2
199711,2
199625,2
199596,2
199485,2
199477,2
245392,2
245567,2
199397,2
199328,2
199321,2
245679,2
199249,2
199233,2
199191,2
199113,2
245703,2
199023,2
198986,2
198945,2
198887,2
198861,2
198654,2
198643,2
199928,2
200193,2
202075,2
245253,2
202007,2
201768,2
244267,2
244441,2
201433,2
201255,2
201201,2
201113,2
201086,2
201074,2
201070,2
201067,2
201053,2
200946,2
244528,2
200827,2
244626,2
244955,2
200761,2
200730,2
200619,2
245048,2
200587,2
200388,2
200302,2
200277,2
200209,2
245890,2
198599,2
198508,2
198444,2
197071,2
197070,2
197024,2
196978,2
196918,2
246852,2
196841,2
196779,2
196776,2
196741,2
196676,2
246855,2
196637,2
196606,2
196550,2
196520,2
196470,2
196469,2
196379,2
246872,2
246916,2
196277,2
196260,2
196245,2
196215,2
247081,2
196166,2
197092,2
197112,2
197224,2
197949,2
245948,2
246018,2
198395,2
198389,2
246143,2
198229,2
198224,2
246329,2
198055,2
197997,2
197975,2
197950,2
197947,2
197230,2
197858,2
197829,2
197793,2
197677,2
197600,2
246352,2
197393,2
246569,2
197390,2
246688,2
197317,2
197313,2
202045,2
244207,2
154744,2
242301,2
242414,2
206772,2
242497,2
206662,2
206613,2
242871,2
206588,2
206469,2
206421,2
242883,2
242924,2
206320,2
206220,2
205932,2
205893,2
205884,2
205878,2
243048,2
205868,2
205761,2
205722,2
243054,2
205635,2
205556,2
243224,2
205500,2
205490,2
206896,2
206914,2
202226,2
242240,2
241520,2
207906,2
241546,2
241711,2
207877,2
207720,2
207691,2
207672,2
241762,2
207659,2
207643,2
207640,2
241887,2
207572,2
207514,2
207513,2
207496,2
207445,2
242081,2
207299,2
207279,2
242187,2
207160,2
207147,2
207097,2
207069,2
206916,2
205457,2
205451,2
205371,2
205364,2
203853,2
203438,2
203433,2
243581,2
203380,2
203354,2
203297,2
203263,2
203213,2
203142,2
203043,2
202958,2
243601,2
202900,2
202880,2
202855,2
202841,2
202741,2
202740,2
202623,2
243765,2
202489,2
202488,2
243971,2
202448,2
202339,2
244076,2
203867,2
243560,2
243539,2
204714,2
205347,2
205271,2
205258,2
205210,2
205139,2
205088,2
205081,2
204970,2
204884,2
204872,2
204855,2
204850,2
243312,2
203916,2
204614,2
204576,2
204517,2
204419,2
243525,2
204404,2
204350,2
204344,2
204116,2
204068,2
204042,2
203981,2
196107,2
196043,2
247138,2
250540,2
190609,2
250603,2
190598,2
190506,2
190389,2
190356,2
190296,2
190175,2
250670,2
190148,2
190118,2
250688,2
250735,2
250759,2
190059,2
190009,2
189977,2
189951,2
189933,2
250913,2
189930,2
189916,2
189892,2
251032,2
189814,2
251145,2
189809,2
190681,2
250288,2
196041,2
190711,2
250016,2
191681,2
191602,2
250054,2
191569,2
191556,2
250176,2
191526,2
191384,2
191305,2
191295,2
250196,2
191246,2
250229,2
191193,2
250249,2
191180,2
191169,2
191039,2
191029,2
250256,2
191015,2
190961,2
190941,2
190928,2
190882,2
190807,2
189765,2
189665,2
189642,2
189591,2
188386,2
188267,2
252056,2
252111,2
252154,2
252219,2
188179,2
188149,2
188147,2
188095,2
188053,2
187944,2
252465,2
187878,2
187849,2
187799,2
187727,2
187693,2
187657,2
187567,2
252495,2
252519,2
187557,2
187537,2
187442,2
187400,2
187351,2
188448,2
188476,2
188507,2
189075,2
251218,2
189330,2
189319,2
251365,2
251447,2
189271,2
189195,2
251528,2
189165,2
189155,2
251616,2
189099,2
251629,2
251782,2
251634,2
188973,2
188936,2
188891,2
188792,2
188779,2
188763,2
188705,2
188637,2
251769,2
188598,2
188584,2
191683,2
191704,2
191726,2
193955,2
194850,2
194810,2
194784,2
194767,2
247719,2
194750,2
194713,2
247758,2
194708,2
194652,2
194555,2
194512,2
247795,2
194418,2
194300,2
194289,2
194280,2
194269,2
247804,2
194123,2
194070,2
194069,2
194030,2
247831,2
247968,2
247984,2
194008,2
194852,2
194930,2
247713,2
195658,2
247141,2
195991,2
195866,2
195801,2
195773,2
195765,2
195742,2
195713,2
195687,2
247254,2
247265,2
195676,2
195602,2
247708,2
247680,2
195479,2
195418,2
195410,2
195343,2
195333,2
195282,2
195095,2
194954,2
194947,2
194946,2
194945,2
193980,2
193900,2
191747,2
248750,2
249602,2
192787,2
192775,2
192710,2
192648,2
192546,2
192483,2
249644,2
192440,2
192406,2
249782,2
192388,2
192343,2
192294,2
192255,2
249812,2
192201,2
192044,2
192013,2
191992,2
191990,2
191934,2
191882,2
191823,2
191809,2
191768,2
249903,2
249591,2
192831,2
192960,2
193501,2
193862,2
193858,2
248840,2
193821,2
193807,2
193716,2
193661,2
193655,2
193627,2
193596,2
193562,2
193509,2
193471,2
192986,2
193422,2
193388,2
248905,2
193234,2
193143,2
249009,2
249109,2
249261,2
249438,2
193126,2
193076,2
192988,2
207969,2
208037,2
208101,2
223679,2
223571,2
234499,2
234550,2
223561,2
234589,2
223396,2
223355,2
223350,2
234610,2
223298,2
234626,2
223241,2
223223,2
234631,2
234685,2
234787,2
234810,2
223004,2
222940,2
222853,2
222793,2
222772,2
222726,2
234929,2
234931,2
222668,2
222514,2
234454,2
223807,2
219711,2
234364,2
225900,2
225575,2
225485,2
225089,2
233687,2
224789,2
224736,2
224714,2
224626,2
224541,2
224513,2
224487,2
224474,2
224365,2
224291,2
233819,2
224182,2
224148,2
224116,2
224060,2
224057,2
233881,2
224033,2
224031,2
234043,2
234115,2
223838,2
234932,2
234937,2
222425,2
222364,2
221045,2
221032,2
220995,2
220990,2
235801,2
220985,2
236042,2
220980,2
220923,2
220775,2
236205,2
220726,2
236314,2
220699,2
220675,2
236319,2
220666,2
220616,2
236355,2
220503,2
220436,2
220333,2
220198,2
220156,2
220074,2
220071,2
220050,2
221104,2
221125,2
235764,2
235132,2
222300,2
234953,2
222245,2
222184,2
234976,2
235052,2
221969,2
235094,2
235096,2
221587,2
221578,2
221531,2
235214,2
235758,2
235264,2
221470,2
221469,2
235308,2
235351,2
235481,2
221467,2
221250,2
235603,2
221212,2
235681,2
235685,2
233582,2
225940,2
225944,2
232110,2
228794,2
231162,2
228682,2
231252,2
228673,2
231375,2
228668,2
231437,2
228599,2
231512,2
228517,2
228480,2
228476,2
231586,2
228405,2
228340,2
228175,2
231644,2
228117,2
227969,2
231752,2
231783,2
227958,2
227929,2
227918,2
231884,2
227900,2
228845,2
228908,2
228917,2
229970,2
230265,2
230255,2
230146,2
230486,2
230144,2
230646,2
230127,2
230735,2
230093,2
230780,2
230030,2
230795,2
230867,2
229041,2
229935,2
229867,2
229847,2
230934,2
229750,2
229673,2
229586,2
229444,2
229150,2
229145,2
230950,2
229065,2
231966,2
227827,2
225975,2
227710,2
232793,2
226607,2
232798,2
226590,2
232808,2
226500,2
226493,2
226250,2
226175,2
226136,2
233037,2
233121,2
233220,2
226132,2
233229,2
226101,2
233268,2
226098,2
226088,2
226066,2
226041,2
226021,2
233349,2
233394,2
233451,2
233552,2
225982,2
232530,2
226648,2
226697,2
227050,2
227708,2
227622,2
227617,2
227575,2
227565,2
227539,2
227518,2
232125,2
227437,2
227391,2
227376,2
227142,2
227007,2
226700,2
226986,2
226945,2
232346,2
226930,2
232353,2
232373,2
232386,2
226774,2
232493,2
232520,2
226765,2
226703,2
219938,2
219707,2
241464,2
212947,2
239700,2
212884,2
212817,2
212710,2
212614,2
212569,2
239914,2
212559,2
212246,2
212208,2
212189,2
240008,2
240030,2
240120,2
240234,2
212179,2
212118,2
212081,2
240334,2
212067,2
212027,2
211956,2
211638,2
211618,2
211600,2
240462,2
211581,2
212891,2
212965,2
219691,2
212992,2
239664,2
214385,2
214348,2
214313,2
214190,2
214176,2
214128,2
213986,2
239678,2
213956,2
213939,2
213787,2
213784,2
213763,2
213728,2
213653,2
213586,2
213562,2
213508,2
213279,2
213254,2
213223,2
239685,2
213146,2
213138,2
213041,2
213010,2
240531,2
211476,2
240570,2
211364,2
241287,2
241331,2
209849,2
209656,2
209635,2
209413,2
209402,2
209361,2
209114,2
209078,2
208970,2
208946,2
208942,2
208936,2
208817,2
208788,2
208750,2
241342,2
241352,2
208519,2
208472,2
208442,2
208307,2
208305,2
208279,2
208274,2
241440,2
241258,2
209988,2
209989,2
210846,2
240640,2
240672,2
211353,2
211343,2
240827,2
211293,2
211247,2
211228,2
240832,2
211098,2
211014,2
210913,2
240902,2
210050,2
210662,2
240932,2
210631,2
210603,2
240998,2
241056,2
210470,2
210411,2
210389,2
210347,2
210251,2
210139,2
214466,2
214484,2
214496,2
216793,2
237355,2
218371,2
218218,2
218200,2
218178,2
218145,2
218087,2
218037,2
218007,2
217931,2
237414,2
237426,2
217929,2
217768,2
217670,2
217640,2
217450,2
237543,2
237588,2
217374,2
237677,2
237711,2
217231,2
217214,2
217018,2
237823,2
237833,2
218400,2
218421,2
218482,2
236581,2
236401,2
219520,2
219486,2
219483,2
219471,2
219424,2
219409,2
219403,2
219367,2
219336,2
219314,2
236503,2
219289,2
218565,2
219150,2
219127,2
219116,2
218969,2
218915,2
218863,2
218816,2
236704,2
237183,2
237266,2
237342,2
218793,2
216830,2
216700,2
239434,2
216648,2
215297,2
238487,2
238515,2
238666,2
215291,2
238712,2
238891,2
238904,2
239021,2
215260,2
215253,2
239056,2
215195,2
215171,2
214944,2
214931,2
239095,2
214895,2
239205,2
239323,2
214812,2
214637,2
239346,2
214612,2
239370,2
239371,2
214595,2
215327,2
215365,2
215416,2
237967,2
216613,2
216587,2
216532,2
216521,2
216510,2
237862,2
216472,2
216456,2
237868,2
216317,2
237945,2
216311,2
216303,2
215637,2
216286,2
237979,2
216209,2
216174,2
215969,2
215867,2
215835,2
238107,2
215713,2
238297,2
215661,2
238348,2
187345,2
252540,2
187334,2
271004,2
271186,2
164220,2
271276,2
164093,2
271353,2
164039,2
163953,2
163892,2
163837,2
163813,2
163807,2
271434,2
163764,2
271541,2
271653,2
163727,2
163726,2
271656,2
163683,2
163676,2
163589,2
163562,2
271806,2
163479,2
163478,2
271900,2
271915,2
271101,2
164271,2
161619,2
164293,2
270668,2
164885,2
270896,2
164881,2
164873,2
164860,2
164769,2
164757,2
164739,2
164725,2
164708,2
164662,2
164645,2
164638,2
270955,2
270984,2
164593,2
164534,2
164532,2
164513,2
164511,2
164488,2
271002,2
164373,2
164336,2
164331,2
164311,2
271953,2
163425,2
163369,2
163272,2
162373,2
273008,2
273169,2
162325,2
162282,2
273225,2
273420,2
273504,2
162266,2
273551,2
162231,2
162211,2
162203,2
162180,2
162176,2
162158,2
273560,2
162037,2
273624,2
162019,2
161970,2
161942,2
161926,2
273641,2
161876,2
161838,2
161640,2
272870,2
162398,2
272799,2
162876,2
163245,2
163236,2
272000,2
163176,2
163114,2
163062,2
162985,2
162982,2
272141,2
272450,2
162978,2
162960,2
162866,2
162417,2
162840,2
162828,2
162789,2
272481,2
272532,2
272537,2
162643,2
162565,2
162537,2
162503,2
162453,2
272719,2
164948,2
164952,2
270583,2
167367,2
168011,2
268782,2
167974,2
268988,2
167911,2
167901,2
167900,2
269091,2
269211,2
269268,2
167865,2
167720,2
167694,2
167649,2
269583,2
167634,2
167583,2
167562,2
269625,2
269626,2
167504,2
167501,2
269734,2
269801,2
270029,2
167473,2
270085,2
168016,2
268565,2
168017,2
168345,2
168639,2
168601,2
168582,2
168550,2
168541,2
168493,2
267647,2
267691,2
168492,2
168480,2
267781,2
267904,2
267933,2
168033,2
168284,2
168271,2
168201,2
268016,2
268090,2
268109,2
168197,2
168092,2
168089,2
168085,2
268206,2
168037,2
270093,2
167366,2
164974,2
167357,2
270390,2
165800,2
270399,2
165769,2
165740,2
165728,2
165717,2
270403,2
165615,2
165532,2
165508,2
165418,2
165413,2
165409,2
165374,2
165323,2
165316,2
165311,2
165217,2
165171,2
165170,2
165156,2
270486,2
165137,2
165035,2
165032,2
165020,2
166047,2
270367,2
166060,2
166857,2
167354,2
167280,2
270131,2
167247,2
270159,2
167156,2
167155,2
167134,2
167070,2
270285,2
167051,2
166918,2
166712,2
166119,2
166634,2
166572,2
166519,2
166506,2
166386,2
166383,2
270295,2
166368,2
166337,2
166239,2
166232,2
166184,2
273655,2
161602,2
168674,2
157489,2
157444,2
157427,2
278043,2
157412,2
157370,2
157362,2
157231,2
157201,2
157198,2
157168,2
157135,2
157127,2
157104,2
157103,2
157097,2
157002,2
278234,2
156986,2
156958,2
156947,2
156878,2
156860,2
156802,2
156748,2
156732,2
278268,2
278422,2
157471,2
157495,2
273667,2
277994,2
158459,2
158256,2
158238,2
158169,2
158150,2
158097,2
158059,2
277057,2
277535,2
158057,2
158018,2
157999,2
157998,2
157883,2
157865,2
157857,2
157828,2
157778,2
157774,2
157772,2
157739,2
157625,2
157624,2
157606,2
157508,2
277881,2
157506,2
156583,2
156504,2
156378,2
156298,2
155628,2
279847,2
279938,2
155536,2
280118,2
155438,2
155434,2
280353,2
155317,2
155212,2
155153,2
155136,2
155097,2
155062,2
155011,2
154971,2
154965,2
154946,2
154945,2
154901,2
154827,2
280386,2
154779,2
154775,2
280498,2
154773,2
154771,2
279623,2
155640,2
155643,2
156029,2
156278,2
156259,2
156224,2
156185,2
279182,2
156153,2
279200,2
156147,2
156107,2
156072,2
279256,2
279614,2
156003,2
155646,2
155995,2
155992,2
155983,2
155943,2
155890,2
155889,2
155886,2
155838,2
155835,2
155794,2
155792,2
155762,2
158471,2
277014,2
158555,2
275690,2
160832,2
160831,2
160786,2
160705,2
160682,2
160599,2
160575,2
160535,2
160528,2
275185,2
160504,2
160495,2
275236,2
275251,2
160410,2
160390,2
160376,2
160321,2
160288,2
275279,2
160285,2
160281,2
160259,2
160204,2
160199,2
160164,2
275588,2
160874,2
275120,2
160883,2
161270,2
161591,2
273789,2
273797,2
161584,2
273832,2
161557,2
274379,2
161483,2
274397,2
161422,2
161373,2
274572,2
161255,2
160891,2
161169,2
161137,2
274594,2
161019,2
160987,2
274694,2
160977,2
160972,2
160960,2
274869,2
160919,2
160917,2
160129,2
160115,2
158561,2
160109,2
159353,2
159334,2
159301,2
159291,2
159288,2
276710,2
159285,2
276893,2
159281,2
159177,2
159176,2
276972,2
159170,2
159160,2
159141,2
158948,2
158785,2
158775,2
276981,2
158693,2
158689,2
277004,2
158629,2
158613,2
158586,2
158584,2
158566,2
159368,2
159439,2
276641,2
159984,2
275703,2
160086,2
275735,2
160076,2
160075,2
160018,2
275751,2
160008,2
159998,2
275834,2
159996,2
275844,2
275967,2
276284,2
159882,2
159857,2
159807,2
159788,2
159748,2
276174,2
159725,2
159712,2
159655,2
159493,2
159490,2
159463,2
168672,2
168698,2
187233,2
181068,2
258291,2
258492,2
181009,2
258555,2
180867,2
180840,2
258582,2
258670,2
180746,2
180731,2
180683,2
258799,2
180447,2
180350,2
180336,2
180323,2
180088,2
180052,2
180009,2
179991,2
179956,2
179819,2
258822,2
179767,2
179669,2
179629,2
179603,2
181062,2
181097,2
176846,2
258143,2
182588,2
182579,2
257480,2
182516,2
182471,2
182224,2
182185,2
182157,2
257500,2
182111,2
182094,2
181977,2
181929,2
181890,2
181843,2
257824,2
181581,2
181536,2
181457,2
181436,2
181405,2
257909,2
105573,2
181205,2
181143,2
181104,2
257958,2
179470,2
179369,2
179358,2
179203,2
260065,2
177856,2
260100,2
177678,2
177631,2
177612,2
177596,2
177584,2
260178,2
177561,2
177488,2
177448,2
177419,2
177293,2
177265,2
177255,2
260229,2
177194,2
177162,2
260263,2
260331,2
177155,2
260356,2
177127,2
260419,2
260494,2
177072,2
177878,2
177895,2
178077,2
259904,2
259468,2
179165,2
259506,2
259595,2
179015,2
178931,2
178885,2
178853,2
178794,2
259879,2
178769,2
178684,2
178474,2
260000,2
178437,2
178378,2
178348,2
178325,2
178283,2
259933,2
178260,2
259946,2
178230,2
178213,2
178152,2
178126,2
182604,2
257418,2
182668,2
185215,2
186267,2
186234,2
186187,2
253438,2
253552,2
253597,2
186136,2
253709,2
253873,2
253917,2
254111,2
185967,2
185944,2
185866,2
185852,2
185806,2
185765,2
185729,2
185528,2
254205,2
254264,2
185415,2
185369,2
185268,2
185267,2
254279,2
185235,2
253311,2
186275,2
186341,2
186840,2
252592,2
187062,2
187035,2
187026,2
252627,2
252649,2
186950,2
186925,2
252855,2
186894,2
186851,2
186849,2
186810,2
186358,2
186807,2
186746,2
186672,2
252899,2
186650,2
186566,2
186512,2
253006,2
186501,2
253030,2
186377,2
253126,2
254624,2
185179,2
257268,2
254691,2
184100,2
184034,2
255900,2
184006,2
183980,2
183948,2
183867,2
183836,2
183687,2
256012,2
256101,2
183380,2
183283,2
256259,2
183275,2
256501,2
183257,2
183202,2
256526,2
182980,2
256884,2
182928,2
182874,2
256966,2
257082,2
182783,2
182696,2
184103,2
255574,2
184122,2
184821,2
185176,2
185124,2
185119,2
254697,2
254820,2
185006,2
184994,2
184985,2
184919,2
254878,2
184910,2
255034,2
255134,2
184285,2
184754,2
255214,2
184698,2
184697,2
184661,2
184631,2
255379,2
184572,2
184553,2
255380,2
255426,2
184377,2
176979,2
176819,2
168720,2
171980,2
265988,2
266112,2
171898,2
171857,2
266190,2
171841,2
171829,2
266320,2
266358,2
266532,2
266715,2
266909,2
171739,2
171731,2
171680,2
171621,2
171602,2
171495,2
171489,2
171452,2
171412,2
171305,2
171259,2
266930,2
171134,2
171101,2
266989,2
171929,2
172068,2
260610,2
172124,2
264313,2
173209,2
173183,2
264424,2
172908,2
172890,2
172854,2
172773,2
172747,2
172685,2
264440,2
172680,2
264630,2
172659,2
264861,2
265043,2
172535,2
172526,2
265144,2
265514,2
172494,2
172450,2
172362,2
265699,2
172271,2
172247,2
265961,2
267054,2
170875,2
170781,2
170768,2
169498,2
169497,2
169486,2
169422,2
169394,2
267312,2
169329,2
169279,2
169232,2
169220,2
169140,2
169046,2
267319,2
168987,2
168940,2
267367,2
267369,2
168914,2
168872,2
168870,2
267418,2
168839,2
267437,2
168826,2
168784,2
267467,2
168769,2
267285,2
267246,2
169555,2
170310,2
170715,2
170598,2
170578,2
170553,2
267079,2
170502,2
170388,2
267094,2
170382,2
267133,2
170371,2
170364,2
170263,2
169603,2
170223,2
267154,2
267216,2
170193,2
170191,2
170180,2
170064,2
169865,2
169814,2
169754,2
169739,2
169617,2
264246,2
173231,2
173235,2
174795,2
262080,2
175994,2
262104,2
175973,2
262106,2
175873,2
175815,2
175767,2
175646,2
262330,2
175514,2
262565,2
175419,2
175416,2
262782,2
175379,2
262855,2
175249,2
263030,2
175209,2
175111,2
263071,2
175105,2
175086,2
263088,2
175066,2
174969,2
262015,2
261888,2
176008,2
176529,2
176796,2
261126,2
261301,2
176738,2
176717,2
176697,2
176684,2
176655,2
176569,2
176564,2
176554,2
261358,2
176519,2
176044,2
261473,2
176439,2
261591,2
176394,2
176372,2
176367,2
176348,2
176322,2
176240,2
261598,2
261643,2
261805,2
174843,2
174742,2
173251,2
174710,2
173936,2
173930,2
173920,2
173885,2
173860,2
173857,2
173855,2
173841,2
173828,2
264046,2
173762,2
173726,2
173707,2
173696,2
173691,2
173578,2
173556,2
173548,2
264181,2
173530,2
173501,2
264240,2
173489,2
173458,2
173384,2
173294,2
173286,2
173942,2
173987,2
173997,2
263530,2
174709,2
174687,2
174673,2
263243,2
174554,2
174553,2
263316,2
174523,2
174521,2
174429,2
174385,2
263451,2
263607,2
263901,2
174299,2
174293,2
174246,2
174215,2
174164,2
174139,2
263742,2
174118,2
174053,2
263784,2
174034,2
174008,2
181286,2
86746,2
105519,2
28675,2
28672,2
28671,2
28669,2
28663,2
28643,2
28631,2
28551,2
28550,2
28520,2
28510,2
28493,2
28478,2
28423,2
28345,2
28278,2
28247,2
28209,2
28204,2
28188,2
28174,2
28144,2
28143,2
28101,2
28093,2
27979,2
27960,2
27958,2
27915,2
27883,2
28674,2
28686,2
27825,2
28709,2
29562,2
29449,2
29411,2
29375,2
29363,2
29352,2
29330,2
29318,2
29300,2
29263,2
29215,2
29201,2
29147,2
29080,2
29069,2
29039,2
29018,2
29002,2
28950,2
28914,2
28867,2
28856,2
28788,2
28781,2
28762,2
28756,2
28743,2
28732,2
28731,2
27861,2
27817,2
29578,2
26950,2
26903,2
26895,2
26875,2
26873,2
26868,2
26867,2
26848,2
26844,2
26840,2
26837,2
26827,2
26822,2
26819,2
26798,2
26774,2
26773,2
26738,2
26722,2
26689,2
26658,2
26647,2
26599,2
26586,2
26566,2
26559,2
26554,2
26517,2
26500,2
26442,2
26905,2
26953,2
27780,2
26957,2
27739,2
27703,2
27689,2
27672,2
27650,2
27631,2
27592,2
27575,2
27364,2
27347,2
27322,2
27317,2
27270,2
27265,2
27256,2
27244,2
27242,2
27194,2
27189,2
27143,2
27114,2
27113,2
27105,2
27097,2
27048,2
27018,2
27009,2
26990,2
26958,2
29572,2
29629,2
26395,2
32081,2
32051,2
32046,2
32038,2
32021,2
31998,2
31983,2
31954,2
31897,2
31894,2
31838,2
31823,2
31818,2
31734,2
31677,2
31675,2
31611,2
31597,2
31583,2
31568,2
31544,2
31525,2
31514,2
31476,2
31429,2
31427,2
31406,2
31388,2
31370,2
31345,2
32079,2
32092,2
31333,2
32140,2
32997,2
32987,2
32956,2
32939,2
32929,2
32853,2
32846,2
32844,2
32829,2
32819,2
32810,2
32807,2
32802,2
32779,2
32740,2
32717,2
32710,2
32701,2
32588,2
32571,2
32568,2
32546,2
32542,2
32533,2
32517,2
32500,2
32391,2
32192,2
32171,2
31342,2
31329,2
29662,2
30477,2
30439,2
30427,2
30423,2
30394,2
30312,2
30291,2
30273,2
30205,2
30163,2
30157,2
30151,2
30126,2
30112,2
30044,2
30033,2
30032,2
29982,2
29940,2
29929,2
29912,2
29851,2
29828,2
29824,2
29786,2
29742,2
29730,2
29720,2
29710,2
29665,2
30440,2
30516,2
31324,2
30518,2
31200,2
31163,2
31124,2
31123,2
31108,2
31102,2
31085,2
31037,2
31036,2
31035,2
31012,2
30954,2
30945,2
30944,2
30940,2
30916,2
30827,2
30808,2
30803,2
30782,2
30766,2
30760,2
30746,2
30688,2
30634,2
30628,2
30621,2
30597,2
30522,2
26399,2
26392,2
45659,2
22688,2
22622,2
22579,2
22569,2
22567,2
22566,2
22550,2
22519,2
22508,2
22441,2
22434,2
22429,2
22424,2
22412,2
22359,2
22280,2
22264,2
22237,2
22220,2
22216,2
22209,2
22176,2
22174,2
22143,2
22129,2
22124,2
22111,2
22109,2
22091,2
22083,2
22636,2
22708,2
22025,2
22732,2
23281,2
23226,2
23218,2
23179,2
23176,2
23175,2
23173,2
23159,2
23144,2
23090,2
23083,2
23061,2
23038,2
23033,2
23030,2
23028,2
23000,2
22977,2
22970,2
22949,2
22943,2
22940,2
22919,2
22897,2
22885,2
22876,2
22796,2
22774,2
22742,2
22030,2
22019,2
23297,2
21301,2
21257,2
21251,2
21217,2
21161,2
21137,2
21082,2
21056,2
21031,2
20993,2
20982,2
20975,2
20949,2
20926,2
20924,2
20919,2
20911,2
20865,2
20859,2
20816,2
20810,2
20803,2
20797,2
20789,2
20750,2
20734,2
20710,2
20687,2
20663,2
20628,2
21270,2
21311,2
22015,2
21348,2
22011,2
21999,2
21945,2
21935,2
21909,2
21908,2
21849,2
21843,2
21797,2
21794,2
21753,2
21717,2
21711,2
21683,2
21680,2
21676,2
21660,2
21659,2
21603,2
21544,2
21522,2
21505,2
21502,2
21491,2
21445,2
21443,2
21416,2
21372,2
21371,2
23285,2
23319,2
26378,2
25637,2
25585,2
25510,2
25506,2
25503,2
25496,2
25463,2
25415,2
25413,2
25400,2
25366,2
25330,2
25314,2
25282,2
25276,2
25258,2
25217,2
25180,2
25108,2
25061,2
25041,2
25030,2
25015,2
24993,2
24990,2
24986,2
24957,2
24947,2
24941,2
24935,2
25594,2
25640,2
24925,2
25648,2
26368,2
26361,2
26324,2
26225,2
26206,2
26198,2
26098,2
26075,2
26041,2
26033,2
26018,2
25984,2
25949,2
25922,2
25906,2
25894,2
25891,2
25867,2
25854,2
25843,2
25829,2
25824,2
25790,2
25781,2
25737,2
25694,2
25691,2
25676,2
25652,2
24929,2
24916,2
23322,2
24068,2
24034,2
23990,2
23958,2
23949,2
23947,2
23909,2
23905,2
23893,2
23850,2
23807,2
23792,2
23778,2
23765,2
23747,2
23742,2
23729,2
23715,2
23705,2
23688,2
23670,2
23621,2
23512,2
23477,2
23463,2
23455,2
23442,2
23437,2
23411,2
23381,2
24038,2
24070,2
24912,2
24088,2
24892,2
24891,2
24860,2
24844,2
24830,2
24821,2
24799,2
24794,2
24792,2
24754,2
24753,2
24744,2
24726,2
24717,2
24680,2
24653,2
24601,2
24567,2
24536,2
24455,2
24424,2
24423,2
24390,2
24339,2
24314,2
24303,2
24294,2
24292,2
24291,2
33008,2
33009,2
33049,2
42184,2
42120,2
42091,2
42031,2
42007,2
41977,2
41938,2
41937,2
41931,2
41895,2
41879,2
41837,2
41800,2
41799,2
41775,2
41760,2
41758,2
41736,2
41721,2
41711,2
41672,2
41655,2
41599,2
41598,2
41576,2
41572,2
41567,2
41555,2
41540,2
41501,2
42167,2
42185,2
41485,2
42198,2
42976,2
42961,2
42947,2
42855,2
42849,2
42748,2
42648,2
42638,2
42609,2
42596,2
42562,2
42535,2
42532,2
42531,2
42528,2
42503,2
42465,2
42441,2
42440,2
42427,2
42417,2
42411,2
42407,2
42352,2
42321,2
42290,2
42272,2
42211,2
42201,2
41486,2
41483,2
43024,2
40564,2
40507,2
40447,2
40419,2
40410,2
40380,2
40369,2
40351,2
40333,2
40290,2
40284,2
40252,2
40231,2
40205,2
40198,2
40176,2
40175,2
40155,2
40144,2
40117,2
40095,2
40064,2
40037,2
39998,2
39989,2
39971,2
39968,2
39946,2
39887,2
39868,2
40539,2
40586,2
41417,2
40648,2
41401,2
41387,2
41368,2
41343,2
41316,2
41250,2
41236,2
41226,2
41224,2
41208,2
41201,2
41181,2
41088,2
41072,2
41024,2
40977,2
40970,2
40967,2
40951,2
40917,2
40907,2
40893,2
40832,2
40827,2
40776,2
40726,2
40717,2
40687,2
40673,2
43006,2
43039,2
33088,2
45070,2
45063,2
45053,2
45041,2
45031,2
45008,2
44953,2
44943,2
44901,2
44884,2
44864,2
44842,2
44840,2
44827,2
44821,2
44807,2
44793,2
44783,2
44753,2
44741,2
44719,2
44717,2
44695,2
44684,2
44678,2
44668,2
44644,2
44637,2
44633,2
44609,2
45068,2
45098,2
44586,2
45112,2
45598,2
45593,2
45588,2
45579,2
45516,2
45498,2
45481,2
45471,2
45463,2
45448,2
45435,2
45413,2
45401,2
45400,2
45350,2
45346,2
45329,2
45328,2
45304,2
45300,2
45271,2
45242,2
45203,2
45201,2
45190,2
45188,2
45179,2
45176,2
45147,2
44595,2
44553,2
43060,2
43948,2
43933,2
43929,2
43832,2
43787,2
43755,2
43748,2
43738,2
43700,2
43584,2
43549,2
43480,2
43463,2
43407,2
43385,2
43369,2
43368,2
43357,2
43354,2
43331,2
43309,2
43283,2
43279,2
43278,2
43155,2
43154,2
43153,2
43126,2
43101,2
43099,2
43942,2
43973,2
44537,2
43977,2
44524,2
44503,2
44444,2
44431,2
44380,2
44375,2
44350,2
44348,2
44335,2
44332,2
44300,2
44279,2
44244,2
44240,2
44232,2
44221,2
44215,2
44155,2
44151,2
44141,2
44132,2
44104,2
44103,2
44096,2
44070,2
44035,2
43988,2
43986,2
43982,2
39864,2
39858,2
39846,2
35536,2
35528,2
35523,2
35519,2
35511,2
35510,2
35505,2
35456,2
35455,2
35444,2
35434,2
35423,2
35386,2
35371,2
35338,2
35328,2
35316,2
35305,2
35297,2
35292,2
35288,2
35279,2
35253,2
35251,2
35223,2
35221,2
35193,2
35188,2
35172,2
35128,2
35531,2
35557,2
35057,2
35561,2
36346,2
36343,2
36286,2
36275,2
36270,2
36267,2
36238,2
36223,2
36217,2
36188,2
36177,2
36074,2
36070,2
36067,2
36066,2
36043,2
36030,2
36027,2
35886,2
35869,2
35839,2
35810,2
35754,2
35745,2
35737,2
35695,2
35687,2
35639,2
35605,2
35085,2
35045,2
39839,2
34014,2
33907,2
33841,2
33819,2
33793,2
33771,2
33740,2
33724,2
33707,2
33695,2
33681,2
33655,2
33651,2
33643,2
33640,2
33624,2
33566,2
33564,2
33484,2
33451,2
33344,2
33333,2
33253,2
33230,2
33226,2
33216,2
33185,2
33182,2
33157,2
33123,2
33943,2
34039,2
35031,2
34089,2
34902,2
34820,2
34804,2
34783,2
34778,2
34737,2
34692,2
34615,2
34596,2
34594,2
34592,2
34579,2
34572,2
34566,2
34503,2
34481,2
34447,2
34429,2
34397,2
34324,2
34297,2
34287,2
34278,2
34202,2
34173,2
34142,2
34117,2
34114,2
34093,2
36362,2
36364,2
36374,2
39005,2
38957,2
38933,2
38927,2
38901,2
38885,2
38871,2
38849,2
38793,2
38776,2
38755,2
38754,2
38707,2
38684,2
38680,2
38638,2
38622,2
38611,2
38602,2
38578,2
38568,2
38542,2
38448,2
38438,2
38395,2
38390,2
38262,2
38228,2
38164,2
38160,2
38982,2
39011,2
36378,2
39026,2
39770,2
39702,2
39676,2
39656,2
39654,2
39607,2
39602,2
39551,2
39504,2
39496,2
39490,2
39488,2
39445,2
39432,2
39349,2
39345,2
39302,2
39273,2
39254,2
39244,2
39219,2
39191,2
39173,2
39157,2
39151,2
39131,2
39117,2
39080,2
39044,2
38147,2
38104,2
38091,2
38037,2
37244,2
37224,2
37184,2
37156,2
37154,2
37127,2
37114,2
37069,2
37060,2
37039,2
37036,2
37033,2
36997,2
36903,2
36872,2
36830,2
36825,2
36822,2
36818,2
36753,2
36746,2
36683,2
36668,2
36651,2
36609,2
36582,2
36543,2
36493,2
36405,2
37387,2
37415,2
37455,2
37810,2
38010,2
38007,2
37961,2
37936,2
37931,2
37930,2
37924,2
37889,2
37884,2
37862,2
37848,2
37820,2
37811,2
37806,2
37464,2
37788,2
37773,2
37772,2
37712,2
37711,2
37704,2
37699,2
37662,2
37650,2
37519,2
37515,2
37484,2
37481,2
20619,2
20603,2
20583,2
8255,2
8195,2
8183,2
8159,2
8156,2
8135,2
8111,2
8088,2
8086,2
8077,2
8055,2
7990,2
7986,2
7954,2
7947,2
7899,2
7897,2
7888,2
7882,2
7876,2
7852,2
7842,2
7835,2
7834,2
7819,2
7811,2
7787,2
7782,2
7707,2
7665,2
8236,2
8271,2
7618,2
8298,2
9106,2
9001,2
8954,2
8949,2
8922,2
8908,2
8886,2
8884,2
8863,2
8849,2
8833,2
8782,2
8760,2
8693,2
8680,2
8637,2
8578,2
8572,2
8561,2
8556,2
8512,2
8506,2
8481,2
8449,2
8354,2
8346,2
8339,2
8321,2
8320,2
7624,2
7604,2
9133,2
6955,2
6821,2
6806,2
6749,2
6733,2
6730,2
6692,2
6653,2
6643,2
6613,2
6594,2
6550,2
6547,2
6539,2
6518,2
6497,2
6482,2
6465,2
6454,2
6446,2
6438,2
6427,2
6416,2
6412,2
6393,2
6392,2
6361,2
6354,2
6350,2
6330,2
6926,2
6968,2
7532,2
6971,2
7513,2
7473,2
7469,2
7450,2
7436,2
7395,2
7339,2
7301,2
7289,2
7285,2
7267,2
7240,2
7204,2
7178,2
7174,2
7144,2
7134,2
7128,2
7126,2
7119,2
7107,2
7106,2
7069,2
7060,2
7048,2
7029,2
6999,2
6995,2
6988,2
9117,2
9168,2
11155,2
10570,2
10540,2
10538,2
10537,2
10496,2
10495,2
10490,2
10480,2
10455,2
10448,2
10443,2
10427,2
10415,2
10359,2
10352,2
10332,2
10319,2
10312,2
10301,2
10300,2
10280,2
10273,2
10255,2
10252,2
10251,2
10227,2
10222,2
10202,2
10178,2
10174,2
10568,2
10592,2
10158,2
10621,2
11104,2
11093,2
11092,2
11085,2
11080,2
11070,2
11053,2
11001,2
10995,2
10984,2
10983,2
10976,2
10924,2
10904,2
10884,2
10883,2
10859,2
10813,2
10809,2
10799,2
10762,2
10757,2
10739,2
10721,2
10703,2
10696,2
10681,2
10634,2
10623,2
10167,2
10147,2
9194,2
9598,2
9577,2
9576,2
9568,2
9532,2
9500,2
9493,2
9488,2
9479,2
9439,2
9431,2
9425,2
9416,2
9404,2
9396,2
9385,2
9383,2
9378,2
9367,2
9361,2
9354,2
9344,2
9341,2
9301,2
9290,2
9274,2
9257,2
9248,2
9214,2
9207,2
9593,2
9617,2
10145,2
9622,2
10119,2
10097,2
10043,2
10024,2
10018,2
10004,2
9987,2
9969,2
9960,2
9947,2
9943,2
9939,2
9935,2
9931,2
9882,2
9878,2
9861,2
9828,2
9801,2
9784,2
9777,2
9746,2
9734,2
9730,2
9703,2
9698,2
9684,2
9653,2
9628,2
6316,2
6306,2
6288,2
2659,2
2576,2
2554,2
2545,2
2514,2
2506,2
2433,2
2424,2
2399,2
2352,2
2349,2
2346,2
2283,2
2236,2
2188,2
2182,2
2168,2
2150,2
2124,2
2077,2
2065,2
2043,2
2039,2
1991,2
1973,2
1961,2
1930,2
1911,2
1900,2
1896,2
2588,2
2670,2
1808,2
2673,2
3409,2
3380,2
3355,2
3352,2
3345,2
3326,2
3257,2
3214,2
3176,2
3146,2
3118,2
3089,2
3054,2
3044,2
3035,2
3022,2
3005,2
3001,2
2990,2
2959,2
2955,2
2932,2
2910,2
2897,2
2873,2
2861,2
2851,2
2825,2
2706,2
1842,2
1789,2
6286,2
668,2
630,2
609,2
605,2
562,2
545,2
532,2
528,2
514,2
505,2
500,2
485,2
459,2
439,2
411,2
336,2
322,2
317,2
310,2
243,2
242,2
238,2
223,2
186,2
163,2
147,2
123,2
77,2
48,2
15,2
664,2
727,2
1785,2
728,2
1758,2
1741,2
1727,2
1724,2
1694,2
1685,2
1681,2
1672,2
1664,2
1592,2
1572,2
1554,2
1417,2
1408,2
1368,2
1309,2
1250,2
1120,2
1086,2
1057,2
1054,2
1045,2
978,2
956,2
953,2
927,2
797,2
744,2
732,2
3414,2
3496,2
3509,2
5706,2
5656,2
5643,2
5639,2
5631,2
5624,2
5623,2
5621,2
5616,2
5615,2
5609,2
5598,2
5597,2
5528,2
5520,2
5494,2
5490,2
5483,2
5466,2
5430,2
5388,2
5367,2
5359,2
5357,2
5324,2
5242,2
5230,2
5213,2
5212,2
5142,2
5673,2
5710,2
3554,2
5712,2
6280,2
6278,2
6258,2
6230,2
6202,2
6162,2
6153,2
6150,2
6102,2
6079,2
6053,2
6048,2
5991,2
5981,2
5951,2
5910,2
5896,2
5867,2
5862,2
5856,2
5842,2
5835,2
5797,2
5766,2
5753,2
5749,2
5741,2
5731,2
5726,2
5141,2
5113,2
5096,2
5085,2
4470,2
4459,2
4370,2
4351,2
4341,2
4310,2
4309,2
4298,2
4288,2
4239,2
4186,2
4112,2
4111,2
4078,2
4074,2
4035,2
4004,2
3955,2
3912,2
3885,2
3838,2
3835,2
3818,2
3704,2
3669,2
3661,2
3631,2
3611,2
3602,2
4499,2
4526,2
4528,2
4850,2
5067,2
5061,2
5046,2
5024,2
5004,2
5002,2
4993,2
4988,2
4977,2
4974,2
4968,2
4896,2
4856,2
4849,2
4563,2
4808,2
4790,2
4769,2
4755,2
4745,2
4742,2
4697,2
4694,2
4692,2
4682,2
4631,2
4578,2
4575,2
11126,2
11172,2
20580,2
17483,2
17467,2
17461,2
17410,2
17386,2
17368,2
17353,2
17348,2
17341,2
17335,2
17329,2
17295,2
17286,2
17278,2
17185,2
17172,2
17168,2
17164,2
17146,2
17122,2
17114,2
17110,2
17032,2
17016,2
17013,2
16989,2
16973,2
16901,2
16884,2
16877,2
17476,2
17490,2
16799,2
17545,2
17977,2
17967,2
17965,2
17961,2
17948,2
17946,2
17895,2
17892,2
17879,2
17877,2
17875,2
17835,2
17832,2
17796,2
17764,2
17759,2
17756,2
17747,2
17739,2
17732,2
17729,2
17690,2
17688,2
17645,2
17621,2
17600,2
17595,2
17578,2
17575,2
16821,2
16762,2
18022,2
16252,2
16181,2
16166,2
16165,2
16154,2
16148,2
16125,2
16098,2
16045,2
16021,2
15989,2
15951,2
15943,2
15924,2
15914,2
15909,2
15908,2
15892,2
15840,2
15799,2
15798,2
15795,2
15785,2
15774,2
15754,2
15727,2
15676,2
15670,2
15667,2
15644,2
16208,2
16291,2
16760,2
16355,2
16748,2
16725,2
16716,2
16684,2
16670,2
16627,2
16620,2
16605,2
16576,2
16556,2
16553,2
16541,2
16540,2
16526,2
16519,2
16513,2
16493,2
16489,2
16468,2
16457,2
16454,2
16428,2
16427,2
16420,2
16390,2
16384,2
16374,2
16363,2
16357,2
18008,2
18035,2
11199,2
19749,2
19713,2
19709,2
19701,2
19697,2
19688,2
19679,2
19669,2
19616,2
19615,2
19600,2
19578,2
19573,2
19504,2
19471,2
19468,2
19466,2
19452,2
19445,2
19428,2
19427,2
19416,2
19375,2
19364,2
19357,2
19355,2
19348,2
19326,2
19321,2
19258,2
19735,2
19758,2
19242,2
19770,2
20570,2
20560,2
20546,2
20465,2
20394,2
20370,2
20363,2
20349,2
20334,2
20327,2
20325,2
20306,2
20217,2
20215,2
20138,2
20103,2
20084,2
20075,2
20066,2
20059,2
20008,2
20002,2
19983,2
19981,2
19976,2
19901,2
19845,2
19795,2
19790,2
19245,2
19230,2
18054,2
18506,2
18477,2
18459,2
18447,2
18432,2
18430,2
18417,2
18408,2
18402,2
18385,2
18367,2
18360,2
18351,2
18333,2
18308,2
18296,2
18283,2
18273,2
18209,2
18196,2
18192,2
18179,2
18169,2
18167,2
18149,2
18146,2
18138,2
18098,2
18086,2
18083,2
18493,2
18509,2
19196,2
18530,2
19195,2
19194,2
19174,2
19166,2
19144,2
19038,2
19014,2
18990,2
18945,2
18924,2
18886,2
18872,2
18860,2
18843,2
18818,2
18803,2
18794,2
18778,2
18720,2
18700,2
18699,2
18662,2
18644,2
18632,2
18618,2
18612,2
18602,2
18595,2
18582,2
15643,2
15602,2
15582,2
12872,2
12856,2
12849,2
12846,2
12837,2
12833,2
12832,2
12815,2
12802,2
12795,2
12779,2
12775,2
12770,2
12725,2
12716,2
12660,2
12652,2
12634,2
12626,2
12618,2
12609,2
12606,2
12596,2
12582,2
12580,2
12579,2
12524,2
12513,2
12509,2
12488,2
12857,2
12881,2
12485,2
12900,2
13362,2
13355,2
13348,2
13341,2
13298,2
13263,2
13254,2
13252,2
13225,2
13210,2
13206,2
13150,2
13148,2
13071,2
13065,2
13035,2
13015,2
13008,2
13002,2
12996,2
12995,2
12993,2
12981,2
12980,2
12943,2
12937,2
12924,2
12915,2
12904,2
12487,2
12425,2
15530,2
11689,2
11643,2
11618,2
11605,2
11604,2
11602,2
11599,2
11585,2
11573,2
11525,2
11487,2
11479,2
11455,2
11442,2
11438,2
11433,2
11421,2
11420,2
11409,2
11403,2
11391,2
11368,2
11361,2
11321,2
11281,2
11255,2
11246,2
11244,2
11239,2
11201,2
11674,2
11690,2
12368,2
11716,2
12367,2
12364,2
12345,2
12331,2
12321,2
12270,2
12257,2
12255,2
12146,2
12134,2
12127,2
12099,2
12039,2
12000,2
11989,2
11949,2
11928,2
11913,2
11900,2
11839,2
11809,2
11793,2
11788,2
11777,2
11774,2
11764,2
11749,2
11738,2
11719,2
13364,2
13371,2
13376,2
15039,2
15020,2
15018,2
14949,2
14948,2
14932,2
14887,2
14886,2
14820,2
14792,2
14746,2
14745,2
14737,2
14736,2
14721,2
14684,2
14683,2
14671,2
14663,2
14648,2
14582,2
14580,2
14577,2
14564,2
14556,2
14516,2
14485,2
14465,2
14454,2
14451,2
15032,2
15062,2
13387,2
15069,2
15517,2
15515,2
15495,2
15492,2
15488,2
15461,2
15414,2
15395,2
15382,2
15343,2
15323,2
15320,2
15304,2
15294,2
15283,2
15282,2
15277,2
15265,2
15240,2
15217,2
15215,2
15214,2
15213,2
15168,2
15165,2
15130,2
15086,2
15076,2
15072,2
14438,2
14431,2
14426,2
14410,2
13951,2
13898,2
13891,2
13871,2
13863,2
13847,2
13845,2
13831,2
13829,2
13820,2
13774,2
13761,2
13709,2
13708,2
13687,2
13681,2
13679,2
13653,2
13583,2
13569,2
13546,2
13536,2
13535,2
13505,2
13492,2
13468,2
13465,2
13444,2
13436,2
13961,2
13977,2
13995,2
14184,2
14408,2
14394,2
14383,2
14380,2
14309,2
14290,2
14281,2
14258,2
14257,2
14248,2
14227,2
14206,2
14186,2
14176,2
13996,2
14173,2
14163,2
14153,2
14139,2
14127,2
14124,2
14119,2
14105,2
14099,2
14091,2
14088,2
14066,2
14065,2
45614,2
45678,2
105510,2
84488,2
84442,2
84436,2
84421,2
84416,2
84394,2
84385,2
84379,2
84344,2
84341,2
84339,2
84333,2
84331,2
84312,2
84291,2
84262,2
84243,2
84230,2
84191,2
84124,2
84087,2
84068,2
84063,2
83970,2
83944,2
83894,2
83822,2
83784,2
83729,2
83597,2
84477,2
84503,2
83529,2
84506,2
85357,2
85336,2
85330,2
85290,2
85279,2
85223,2
85188,2
85175,2
85166,2
85148,2
85103,2
85092,2
85079,2
84945,2
84898,2
84860,2
84849,2
84826,2
84775,2
84750,2
84703,2
84650,2
84623,2
84617,2
84603,2
84584,2
84576,2
84544,2
84534,2
83548,2
83515,2
85380,2
82676,2
82624,2
82594,2
82586,2
82576,2
82559,2
82546,2
82536,2
82489,2
82398,2
82387,2
82359,2
82334,2
82292,2
82291,2
82263,2
82239,2
82217,2
82178,2
82155,2
82146,2
82074,2
82031,2
82015,2
81963,2
81955,2
81945,2
81933,2
81898,2
81889,2
82663,2
82683,2
83512,2
82766,2
83504,2
83497,2
83456,2
83440,2
83435,2
83289,2
83284,2
83267,2
83254,2
83212,2
83175,2
83136,2
83107,2
83100,2
83086,2
83080,2
83068,2
83056,2
83044,2
83029,2
83015,2
82979,2
82969,2
82932,2
82927,2
82892,2
82857,2
82799,2
82782,2
85376,2
85397,2
81817,2
89005,2
88965,2
88894,2
88799,2
88798,2
88763,2
88740,2
88710,2
88707,2
88693,2
88680,2
88643,2
88631,2
88628,2
88618,2
88614,2
88574,2
88535,2
88520,2
88514,2
88488,2
88460,2
88398,2
88364,2
88320,2
88261,2
88176,2
88150,2
88132,2
88118,2
88987,2
89016,2
87774,2
89024,2
89841,2
89825,2
89785,2
89771,2
89690,2
89667,2
89648,2
89626,2
89618,2
89614,2
89605,2
89593,2
89570,2
89567,2
89532,2
89362,2
89358,2
89345,2
89259,2
89221,2
89212,2
89179,2
89157,2
89149,2
89142,2
89139,2
89072,2
89062,2
89061,2
88052,2
87763,2
85408,2
86383,2
86360,2
86313,2
86308,2
86300,2
86251,2
86215,2
86164,2
86134,2
86123,2
86030,2
85953,2
85885,2
85883,2
85850,2
85846,2
85829,2
85819,2
85807,2
85787,2
85778,2
85772,2
85710,2
85680,2
85607,2
85600,2
85563,2
85507,2
85438,2
85417,2
86374,2
86447,2
87733,2
86557,2
87699,2
87669,2
87625,2
87585,2
87573,2
87537,2
87478,2
87380,2
87367,2
87348,2
87323,2
87319,2
87254,2
87245,2
87145,2
87117,2
87076,2
86981,2
86884,2
86817,2
86812,2
86791,2
86788,2
86769,2
86729,2
86681,2
86661,2
86630,2
86576,2
81832,2
81816,2
45692,2
77196,2
77095,2
77021,2
77005,2
76995,2
76881,2
76850,2
76801,2
76773,2
76760,2
76752,2
76730,2
76663,2
76626,2
76611,2
76559,2
76551,2
76545,2
76483,2
76415,2
76413,2
76398,2
76380,2
76299,2
76297,2
76168,2
76124,2
76084,2
76072,2
76069,2
77125,2
77237,2
76036,2
77240,2
78000,2
77985,2
77961,2
77950,2
77948,2
77945,2
77878,2
77855,2
77818,2
77796,2
77789,2
77752,2
77660,2
77651,2
77650,2
77643,2
77631,2
77618,2
77588,2
77568,2
77533,2
77500,2
77483,2
77416,2
77415,2
77411,2
77371,2
77335,2
77261,2
76046,2
76030,2
78135,2
75382,2
75357,2
75352,2
75346,2
75339,2
75336,2
75286,2
75257,2
75236,2
75226,2
75206,2
75165,2
75104,2
75093,2
75090,2
75068,2
75054,2
75044,2
75030,2
75006,2
74995,2
74985,2
74957,2
74907,2
74809,2
74774,2
74737,2
74673,2
74625,2
74575,2
75371,2
75428,2
76006,2
75443,2
75959,2
75952,2
75941,2
75884,2
75860,2
75856,2
75854,2
75847,2
75841,2
75806,2
75793,2
75778,2
75771,2
75731,2
75721,2
75700,2
75668,2
75638,2
75625,2
75597,2
75594,2
75591,2
75556,2
75545,2
75517,2
75508,2
75507,2
75465,2
75448,2
78006,2
78143,2
81778,2
81057,2
80994,2
80972,2
80935,2
80913,2
80837,2
80782,2
80780,2
80742,2
80739,2
80724,2
80709,2
80698,2
80693,2
80682,2
80677,2
80662,2
80634,2
80569,2
80559,2
80546,2
80511,2
80458,2
80324,2
80257,2
80225,2
80219,2
80147,2
80125,2
80047,2
80997,2
81066,2
80000,2
81123,2
81750,2
81727,2
81725,2
81701,2
81696,2
81686,2
81682,2
81681,2
81680,2
81669,2
81666,2
81607,2
81589,2
81566,2
81553,2
81542,2
81487,2
81482,2
81427,2
81342,2
81329,2
81327,2
81296,2
81242,2
81205,2
81200,2
81191,2
81161,2
81136,2
80029,2
79990,2
78145,2
79023,2
79002,2
78981,2
78964,2
78949,2
78943,2
78932,2
78922,2
78858,2
78837,2
78731,2
78699,2
78674,2
78652,2
78636,2
78612,2
78579,2
78560,2
78494,2
78484,2
78480,2
78472,2
78468,2
78374,2
78361,2
78287,2
78256,2
78234,2
78222,2
78173,2
79018,2
79029,2
79968,2
79030,2
79965,2
79964,2
79900,2
79884,2
79878,2
79865,2
79706,2
79668,2
79660,2
79656,2
79542,2
79462,2
79456,2
79448,2
79446,2
79427,2
79423,2
79417,2
79388,2
79363,2
79320,2
79303,2
79292,2
79214,2
79085,2
79078,2
79077,2
79037,2
79034,2
89844,2
89855,2
89858,2
100934,2
100928,2
100857,2
100853,2
100807,2
100797,2
100795,2
100788,2
100752,2
100741,2
100729,2
100727,2
100614,2
100598,2
100590,2
100570,2
100565,2
100532,2
100496,2
100477,2
100438,2
100432,2
100430,2
100406,2
100373,2
100341,2
100338,2
100282,2
100276,2
100252,2
100933,2
100942,2
100226,2
101009,2
101700,2
101699,2
101691,2
101684,2
101678,2
101666,2
101620,2
101558,2
101443,2
101439,2
101418,2
101356,2
101346,2
101340,2
101332,2
101306,2
101244,2
101224,2
101199,2
101197,2
101195,2
101157,2
101149,2
101124,2
101122,2
101108,2
101094,2
101017,2
101015,2
100231,2
100207,2
101839,2
98916,2
98808,2
98799,2
98789,2
98778,2
98579,2
98564,2
98557,2
98538,2
98535,2
98532,2
98443,2
98418,2
98398,2
98396,2
98241,2
98228,2
98204,2
98154,2
98146,2
98094,2
98063,2
97994,2
97910,2
97857,2
97788,2
97770,2
97719,2
97638,2
97636,2
98843,2
98929,2
100178,2
98947,2
100173,2
100141,2
100116,2
100036,2
99917,2
99898,2
99766,2
99742,2
99717,2
99694,2
99600,2
99543,2
99527,2
99513,2
99483,2
99457,2
99414,2
99376,2
99335,2
99315,2
99275,2
99249,2
99206,2
99174,2
99158,2
99113,2
98996,2
98979,2
98968,2
101832,2
101916,2
89900,2
104337,2
104281,2
104270,2
104253,2
104246,2
104225,2
104207,2
104195,2
104194,2
104193,2
104186,2
104185,2
104168,2
104159,2
104152,2
104137,2
104134,2
104101,2
104097,2
104086,2
104055,2
104049,2
103988,2
103947,2
103880,2
103875,2
103855,2
103850,2
103820,2
103797,2
104283,2
104353,2
103698,2
104403,2
105461,2
105451,2
105435,2
105420,2
105339,2
105324,2
105306,2
105283,2
105280,2
105203,2
105194,2
105190,2
105161,2
105118,2
105107,2
104973,2
104967,2
104945,2
104854,2
104744,2
104739,2
104661,2
104600,2
104565,2
104560,2
104521,2
104516,2
104488,2
104461,2
103785,2
103679,2
101973,2
102743,2
102682,2
102667,2
102664,2
102659,2
102634,2
102584,2
102582,2
102581,2
102565,2
102537,2
102534,2
102402,2
102387,2
102380,2
102342,2
102306,2
102286,2
102239,2
102222,2
102214,2
102211,2
102117,2
102105,2
102074,2
102056,2
102018,2
101990,2
101987,2
101985,2
102734,2
102756,2
103630,2
102776,2
103551,2
103541,2
103539,2
103506,2
103503,2
103478,2
103411,2
103399,2
103359,2
103327,2
103294,2
103291,2
103270,2
103263,2
103186,2
103185,2
103173,2
103142,2
103109,2
103100,2
103094,2
103087,2
103067,2
103064,2
102957,2
102947,2
102935,2
102867,2
102829,2
97626,2
97623,2
97603,2
93261,2
93239,2
93228,2
93160,2
93158,2
93154,2
93153,2
93145,2
93143,2
93130,2
93112,2
93110,2
93069,2
93021,2
92964,2
92925,2
92868,2
92828,2
92787,2
92743,2
92733,2
92679,2
92519,2
92480,2
92322,2
92281,2
92240,2
92155,2
92133,2
91953,2
93243,2
93288,2
91839,2
93366,2
94194,2
94189,2
94187,2
94171,2
94150,2
94142,2
94116,2
94096,2
94078,2
94065,2
94045,2
94040,2
93985,2
93956,2
93867,2
93860,2
93815,2
93754,2
93737,2
93732,2
93657,2
93652,2
93634,2
93615,2
93604,2
93544,2
93502,2
93483,2
93469,2
91859,2
91756,2
97552,2
90695,2
90602,2
90596,2
90578,2
90565,2
90535,2
90495,2
90494,2
90493,2
90467,2
90460,2
90455,2
90448,2
90446,2
90400,2
90276,2
90262,2
90219,2
90213,2
90210,2
90152,2
90092,2
90061,2
90037,2
90026,2
90005,2
89999,2
89993,2
89989,2
89902,2
90648,2
90696,2
91706,2
90702,2
91659,2
91652,2
91641,2
91596,2
91564,2
91544,2
91539,2
91516,2
91402,2
91277,2
91231,2
91177,2
91138,2
91128,2
91049,2
91017,2
91004,2
90995,2
90932,2
90881,2
90840,2
90814,2
90806,2
90775,2
90762,2
90737,2
90729,2
90727,2
90710,2
94203,2
94207,2
94225,2
96673,2
96660,2
96594,2
96581,2
96573,2
96531,2
96501,2
96486,2
96456,2
96445,2
96420,2
96403,2
96355,2
96346,2
96326,2
96288,2
96242,2
96156,2
96132,2
96108,2
96090,2
96086,2
96070,2
96064,2
96060,2
96044,2
96032,2
96013,2
95969,2
95959,2
96661,2
96691,2
94286,2
96696,2
97538,2
97505,2
97441,2
97382,2
97373,2
97368,2
97327,2
97288,2
97271,2
97174,2
97163,2
97151,2
97149,2
97008,2
96996,2
96952,2
96919,2
96916,2
96905,2
96903,2
96856,2
96849,2
96839,2
96832,2
96800,2
96782,2
96768,2
96743,2
96720,2
95954,2
95947,2
95933,2
95911,2
95117,2
95106,2
95015,2
95011,2
94867,2
94865,2
94858,2
94834,2
94817,2
94788,2
94748,2
94691,2
94662,2
94660,2
94650,2
94621,2
94609,2
94585,2
94580,2
94536,2
94521,2
94501,2
94449,2
94382,2
94367,2
94362,2
94349,2
94313,2
94305,2
95132,2
95171,2
95220,2
95631,2
95909,2
95877,2
95862,2
95822,2
95806,2
95771,2
95758,2
95746,2
95736,2
95697,2
95683,2
95644,2
95643,2
95597,2
95306,2
95587,2
95586,2
95493,2
95458,2
95446,2
95430,2
95427,2
95396,2
95368,2
95366,2
95345,2
95333,2
95323,2
74513,2
74510,2
74502,2
54105,2
54074,2
54071,2
54032,2
53996,2
53979,2
53958,2
53930,2
53922,2
53920,2
53908,2
53902,2
53835,2
53807,2
53785,2
53762,2
53760,2
53744,2
53657,2
53558,2
53522,2
53504,2
53492,2
53488,2
53474,2
53430,2
53425,2
53406,2
53401,2
53372,2
54101,2
54138,2
53336,2
54189,2
55063,2
55034,2
55022,2
54963,2
54954,2
54952,2
54869,2
54818,2
54801,2
54781,2
54772,2
54733,2
54703,2
54669,2
54659,2
54657,2
54655,2
54645,2
54642,2
54587,2
54564,2
54549,2
54523,2
54512,2
54459,2
54390,2
54382,2
54343,2
54269,2
53352,2
53329,2
55104,2
52253,2
52244,2
52194,2
52146,2
52076,2
52070,2
52011,2
52007,2
51940,2
51909,2
51890,2
51889,2
51885,2
51847,2
51840,2
51823,2
51810,2
51802,2
51783,2
51735,2
51694,2
51671,2
51665,2
51656,2
51648,2
51635,2
51617,2
51608,2
51607,2
51554,2
52251,2
52262,2
53263,2
52363,2
53245,2
53217,2
53085,2
53081,2
53047,2
53027,2
53007,2
52985,2
52965,2
52951,2
52927,2
52893,2
52816,2
52711,2
52641,2
52627,2
52604,2
52596,2
52587,2
52579,2
52578,2
52527,2
52516,2
52509,2
52475,2
52415,2
52406,2
52384,2
52365,2
55066,2
55114,2
58092,2
57324,2
57253,2
57223,2
57200,2
57183,2
57174,2
57164,2
57161,2
57148,2
57145,2
57133,2
57112,2
57106,2
57090,2
57089,2
57073,2
57003,2
56977,2
56970,2
56968,2
56930,2
56914,2
56913,2
56885,2
56829,2
56815,2
56812,2
56782,2
56769,2
56731,2
57316,2
57333,2
56686,2
57369,2
58063,2
58033,2
58019,2
57991,2
57973,2
57966,2
57960,2
57909,2
57907,2
57903,2
57875,2
57836,2
57821,2
57795,2
57784,2
57771,2
57757,2
57752,2
57745,2
57741,2
57724,2
57657,2
57588,2
57585,2
57535,2
57529,2
57463,2
57455,2
57370,2
56694,2
56638,2
55165,2
56050,2
55994,2
55979,2
55965,2
55946,2
55943,2
55928,2
55889,2
55880,2
55856,2
55811,2
55772,2
55742,2
55738,2
55699,2
55646,2
55618,2
55539,2
55527,2
55523,2
55507,2
55444,2
55415,2
55383,2
55365,2
55345,2
55261,2
55233,2
55217,2
55191,2
56004,2
56062,2
56628,2
56067,2
56608,2
56584,2
56527,2
56489,2
56417,2
56412,2
56396,2
56383,2
56375,2
56340,2
56327,2
56324,2
56304,2
56295,2
56276,2
56226,2
56221,2
56219,2
56217,2
56194,2
56186,2
56173,2
56143,2
56136,2
56130,2
56112,2
56096,2
56091,2
56068,2
51479,2
51465,2
51442,2
47771,2
47760,2
47738,2
47714,2
47697,2
47681,2
47581,2
47571,2
47543,2
47506,2
47460,2
47433,2
47417,2
47414,2
47381,2
47361,2
47327,2
47306,2
47263,2
47223,2
47194,2
47170,2
47123,2
47111,2
47106,2
47101,2
47061,2
46955,2
46953,2
46905,2
47763,2
47772,2
46852,2
47789,2
48457,2
48447,2
48442,2
48361,2
48339,2
48320,2
48302,2
48297,2
48262,2
48247,2
48245,2
48179,2
48176,2
48154,2
48137,2
48122,2
48113,2
48074,2
48001,2
47998,2
47973,2
47970,2
47969,2
47959,2
47950,2
47939,2
47894,2
47873,2
47856,2
46902,2
46841,2
51439,2
46330,2
46240,2
46230,2
46229,2
46212,2
46206,2
46168,2
46126,2
46111,2
46108,2
46107,2
46020,2
46002,2
45989,2
45951,2
45940,2
45938,2
45937,2
45913,2
45911,2
45888,2
45867,2
45865,2
45847,2
45837,2
45810,2
45758,2
45746,2
45738,2
45693,2
46313,2
46363,2
46837,2
46383,2
46834,2
46795,2
46777,2
46740,2
46731,2
46701,2
46671,2
46657,2
46629,2
46619,2
46604,2
46601,2
46570,2
46565,2
46559,2
46544,2
46539,2
46534,2
46526,2
46524,2
46519,2
46515,2
46507,2
46492,2
46489,2
46483,2
46409,2
46387,2
46386,2
48467,2
48512,2
48529,2
50664,2
50633,2
50624,2
50615,2
50564,2
50547,2
50540,2
50522,2
50516,2
50473,2
50454,2
50427,2
50401,2
50390,2
50374,2
50373,2
50336,2
50317,2
50316,2
50258,2
50232,2
50221,2
50200,2
50193,2
50190,2
50165,2
50161,2
50106,2
50077,2
50061,2
50653,2
50699,2
48540,2
50739,2
51391,2
51389,2
51333,2
51331,2
51308,2
51306,2
51305,2
51289,2
51271,2
51262,2
51193,2
51170,2
51134,2
51118,2
51107,2
51096,2
51085,2
51076,2
51069,2
50981,2
50957,2
50931,2
50920,2
50888,2
50840,2
50806,2
50777,2
50769,2
50740,2
50048,2
50028,2
50005,2
49993,2
49159,2
49147,2
49145,2
49110,2
49101,2
49097,2
49090,2
49075,2
49048,2
49045,2
49009,2
48941,2
48913,2
48909,2
48886,2
48770,2
48757,2
48730,2
48727,2
48624,2
48621,2
48617,2
48608,2
48603,2
48584,2
48574,2
48567,2
48565,2
48564,2
49180,2
49199,2
49204,2
49609,2
49964,2
49937,2
49932,2
49909,2
49860,2
49837,2
49816,2
49791,2
49785,2
49776,2
49727,2
49689,2
49651,2
49608,2
49208,2
49589,2
49562,2
49512,2
49503,2
49480,2
49416,2
49384,2
49379,2
49337,2
49317,2
49270,2
49240,2
49211,2
58080,2
58097,2
74438,2
70145,2
70032,2
69992,2
69982,2
69968,2
69966,2
69953,2
69926,2
69915,2
69875,2
69862,2
69820,2
69805,2
69783,2
69752,2
69733,2
69729,2
69678,2
69668,2
69592,2
69551,2
69538,2
69491,2
69417,2
69375,2
69368,2
69345,2
69231,2
69173,2
69149,2
70041,2
70194,2
69126,2
70200,2
71142,2
71137,2
71057,2
71048,2
71041,2
71012,2
71010,2
70989,2
70982,2
70976,2
70966,2
70872,2
70866,2
70737,2
70709,2
70704,2
70703,2
70687,2
70655,2
70569,2
70552,2
70527,2
70431,2
70425,2
70382,2
70300,2
70278,2
70219,2
70204,2
69147,2
69086,2
71145,2
67974,2
67951,2
67946,2
67924,2
67877,2
67861,2
67819,2
67779,2
67742,2
67703,2
67616,2
67608,2
67601,2
67523,2
67491,2
67482,2
67463,2
67458,2
67457,2
67446,2
67392,2
67390,2
67370,2
67357,2
67351,2
67323,2
67236,2
67218,2
67203,2
67186,2
67960,2
67982,2
69067,2
68069,2
69066,2
69045,2
69039,2
69016,2
68954,2
68941,2
68938,2
68774,2
68769,2
68629,2
68613,2
68531,2
68505,2
68493,2
68492,2
68491,2
68474,2
68460,2
68455,2
68438,2
68363,2
68309,2
68276,2
68261,2
68246,2
68193,2
68115,2
68078,2
68071,2
71144,2
71158,2
58108,2
73670,2
73610,2
73558,2
73534,2
73520,2
73515,2
73509,2
73443,2
73399,2
73397,2
73392,2
73371,2
73359,2
73350,2
73330,2
73286,2
73264,2
73262,2
73238,2
73211,2
73210,2
73178,2
73107,2
73091,2
73061,2
73013,2
73009,2
73006,2
73002,2
72979,2
73660,2
73695,2
72901,2
73710,2
74421,2
74409,2
74374,2
74368,2
74307,2
74294,2
74256,2
74250,2
74229,2
74158,2
74142,2
74134,2
74130,2
74108,2
74053,2
74044,2
74028,2
74013,2
74012,2
73940,2
73908,2
73837,2
73792,2
73754,2
73744,2
73723,2
73720,2
73717,2
73714,2
72919,2
72839,2
71178,2
71926,2
71914,2
71880,2
71869,2
71860,2
71857,2
71781,2
71741,2
71712,2
71709,2
71700,2
71699,2
71696,2
71695,2
71686,2
71672,2
71592,2
71591,2
71499,2
71412,2
71397,2
71365,2
71361,2
71342,2
71300,2
71229,2
71213,2
71203,2
71197,2
71187,2
71919,2
71939,2
72829,2
71966,2
72815,2
72806,2
72754,2
72735,2
72723,2
72715,2
72700,2
72676,2
72662,2
72608,2
72571,2
72568,2
72565,2
72549,2
72517,2
72512,2
72462,2
72446,2
72431,2
72400,2
72239,2
72206,2
72202,2
72194,2
72191,2
72170,2
72079,2
72077,2
72036,2
67173,2
67172,2
67150,2
61057,2
60975,2
60934,2
60853,2
60826,2
60824,2
60823,2
60821,2
60782,2
60777,2
60745,2
60718,2
60673,2
60664,2
60557,2
60509,2
60483,2
60458,2
60439,2
60417,2
60407,2
60381,2
60345,2
60336,2
60335,2
60331,2
60323,2
60322,2
60309,2
60292,2
60992,2
61087,2
60286,2
61097,2
62110,2
62026,2
62013,2
61992,2
61982,2
61928,2
61920,2
61855,2
61852,2
61849,2
61833,2
61777,2
61752,2
61703,2
61618,2
61577,2
61525,2
61490,2
61420,2
61361,2
61312,2
61302,2
61294,2
61228,2
61227,2
61161,2
61159,2
61132,2
61130,2
60287,2
60278,2
67102,2
59187,2
59094,2
59022,2
59021,2
58941,2
58899,2
58751,2
58729,2
58723,2
58677,2
58635,2
58604,2
58594,2
58571,2
58569,2
58509,2
58507,2
58455,2
58442,2
58438,2
58370,2
58366,2
58305,2
58304,2
58302,2
58275,2
58200,2
58135,2
58116,2
58111,2
59128,2
59222,2
60268,2
59238,2
60266,2
60249,2
60194,2
60187,2
60040,2
60001,2
59977,2
59975,2
59956,2
59899,2
59897,2
59874,2
59865,2
59855,2
59762,2
59749,2
59662,2
59606,2
59596,2
59484,2
59456,2
59404,2
59378,2
59356,2
59353,2
59334,2
59307,2
59295,2
59263,2
62142,2
62160,2
62161,2
65749,2
65691,2
65686,2
65660,2
65653,2
65651,2
65649,2
65639,2
65594,2
65577,2
65549,2
65531,2
65497,2
65489,2
65478,2
65454,2
65441,2
65433,2
65416,2
65409,2
65363,2
65325,2
65313,2
65235,2
65212,2
65172,2
65132,2
65058,2
65009,2
64998,2
65713,2
65897,2
62193,2
66014,2
67062,2
67026,2
66963,2
66904,2
66861,2
66763,2
66758,2
66706,2
66699,2
66677,2
66662,2
66611,2
66586,2
66564,2
66559,2
66549,2
66539,2
66357,2
66352,2
66347,2
66262,2
66197,2
66194,2
66101,2
66070,2
66046,2
66039,2
66028,2
66020,2
64980,2
64972,2
64968,2
64967,2
63170,2
62994,2
62980,2
62979,2
62929,2
62899,2
62885,2
62884,2
62872,2
62864,2
62854,2
62849,2
62848,2
62749,2
62741,2
62715,2
62588,2
62552,2
62484,2
62421,2
62401,2
62393,2
62371,2
62334,2
62262,2
62241,2
62239,2
62207,2
62197,2
63207,2
63208,2
63247,2
64086,2
64896,2
64655,2
64553,2
64421,2
64402,2
64262,2
64260,2
64248,2
64203,2
64198,2
64194,2
64189,2
64113,2
64018,2
63256,2
63805,2
63709,2
63689,2
63571,2
63565,2
63494,2
63475,2
63450,2
63400,2
63377,2
63333,2
63294,2
63268,2
373658,2
