VillaId,AvgStayDays
19512,19.0
37337,15.0
19633,15.0
23701,14.5
22078,12.0
16895,11.0
14419,11.0
32546,11.0
13422,10.5
16251,10.0
8043,10.0
36287,10.0
29897,10.0
35479,10.0
36177,9.0
31904,9.0
29606,9.0
24107,9.0
31008,8.0
8626,8.0
28780,8.0
30424,8.0
36289,8.0
32006,8.0
17474,7.75
36097,7.5
25557,7.5
16839,7.2
36747,7.0
30303,7.0
22010,7.0
4279,7.0
30532,7.0
30699,7.0
36788,7.0
1821,7.0
21401,7.0
22800,7.0
31094,7.0
24839,7.0
14418,7.0
33009,7.0
32894,7.0
14669,7.0
35669,7.0
32850,7.0
27966,7.0
31802,7.0
15570,7.0
34195,7.0
38331,7.0
37820,7.0
11985,7.0
19117,7.0
32549,6.5
24833,6.5
25986,6.5
24500,6.0
35199,6.0
21588,6.0
32429,6.0
16343,6.0
6333,6.0
28460,6.0
21256,6.0
10779,6.0
4437,6.0
19202,6.0
6993,6.0
27258,6.0
31817,6.0
2602,6.0
7178,6.0
28566,6.0
2444,6.0
34094,6.0
35666,6.0
38179,6.0
16654,6.0
16833,6.0
18880,6.0
4449,6.0
33762,6.0
27721,6.0
22590,6.0
34721,6.0
33739,6.0
3973,6.0
28040,6.0
32970,6.0
27615,6.0
22845,6.0
15831,6.0
27807,6.0
23011,6.0
15757,6.0
33019,6.0
31336,6.0
35946,6.0
20220,6.0
30760,6.0
10298,6.0
25993,6.0
9485,6.0
8151,6.0
18434,6.0
18303,6.0
30736,6.0
36237,6.0
986,6.0
20292,6.0
21013,6.0
37075,6.0
25410,6.0
25220,6.0
9464,5.666666666666667
11540,5.666666666666667
5245,5.5
30774,5.5
25832,5.5
24066,5.5
4827,5.5
15979,5.25
33310,5.0
23258,5.0
25766,5.0
29144,5.0
23477,5.0
23536,5.0
33229,5.0
33308,5.0
33041,5.0
28632,5.0
4879,5.0
30255,5.0
11307,5.0
29734,5.0
26194,5.0
29883,5.0
26247,5.0
26046,5.0
8732,5.0
4500,5.0
13410,5.0
30188,5.0
26398,5.0
29498,5.0
22681,5.0
33563,5.0
29483,5.0
33525,5.0
25638,5.0
23673,5.0
32786,5.0
28962,5.0
25487,5.0
26240,5.0
28827,5.0
27115,5.0
31781,5.0
31730,5.0
24828,5.0
27005,5.0
14225,5.0
12478,5.0
31301,5.0
34209,5.0
31467,5.0
31431,5.0
14343,5.0
31429,5.0
24899,5.0
24953,5.0
29087,5.0
12893,5.0
25570,5.0
6382,5.0
10980,5.0
25174,5.0
25626,5.0
10880,5.0
32474,5.0
25623,5.0
9730,5.0
25583,5.0
32334,5.0
12114,5.0
32301,5.0
32207,5.0
15001,5.0
14989,5.0
25574,5.0
32062,5.0
32055,5.0
10819,5.0
12217,5.0
18935,5.0
3068,5.0
35476,5.0
20219,5.0
16795,5.0
34861,5.0
21118,5.0
35731,5.0
16863,5.0
3813,5.0
20155,5.0
2712,5.0
37528,5.0
16883,5.0
16892,5.0
34946,5.0
2506,5.0
21894,5.0
21850,5.0
478,5.0
35474,5.0
35270,5.0
3221,5.0
38018,5.0
19977,5.0
37660,5.0
17125,5.0
21774,5.0
21617,5.0
35037,5.0
17451,5.0
36996,5.0
18308,5.0
36628,5.0
36519,5.0
20402,5.0
36407,5.0
1539,5.0
34324,5.0
20281,5.0
16610,5.0
17749,5.0
22149,5.0
20858,5.0
36982,5.0
20996,5.0
2323,5.0
22127,5.0
36054,5.0
36044,5.0
36041,5.0
16679,5.0
2374,5.0
22009,5.0
16780,5.0
35986,5.0
37924,5.0
9907,4.777777777777778
830,4.666666666666667
1523,4.666666666666667
8584,4.666666666666667
25328,4.666666666666667
20723,4.5
31761,4.5
7891,4.5
29958,4.5
18184,4.5
29580,4.5
22316,4.5
28757,4.5
13227,4.5
24733,4.5
20639,4.5
26295,4.5
19433,4.5
22699,4.5
24183,4.5
7982,4.5
12795,4.5
27846,4.5
12529,4.5
28556,4.5
14195,4.5
4243,4.5
26130,4.5
6954,4.5
11480,4.5
21161,4.5
13339,4.5
26974,4.5
7437,4.5
14386,4.5
18582,4.5
9462,4.333333333333333
18894,4.333333333333333
4166,4.333333333333333
29322,4.333333333333333
22512,4.333333333333333
18416,4.333333333333333
13694,4.333333333333333
14529,4.333333333333333
30,4.333333333333333
746,4.333333333333333
23467,4.333333333333333
15577,4.333333333333333
3558,4.333333333333333
8014,4.333333333333333
7390,4.333333333333333
13000,4.333333333333333
3228,4.333333333333333
19513,4.333333333333333
21353,4.285714285714286
10608,4.25
21821,4.25
10150,4.25
25436,4.2
22413,4.2
13016,4.166666666666667
5758,4.166666666666667
27656,4.0
27639,4.0
26164,4.0
26213,4.0
18296,4.0
18322,4.0
19042,4.0
18304,4.0
25996,4.0
26155,4.0
18967,4.0
18130,4.0
27891,4.0
25948,4.0
25960,4.0
25984,4.0
18132,4.0
20381,4.0
27851,4.0
18139,4.0
20305,4.0
13476,4.0
25995,4.0
18215,4.0
13414,4.0
18803,4.0
11342,4.0
20272,4.0
26055,4.0
26107,4.0
19114,4.0
19770,4.0
20232,4.0
27388,4.0
12805,4.0
26611,4.0
26652,4.0
18446,4.0
26673,4.0
26804,4.0
26917,4.0
19555,4.0
27384,4.0
27261,4.0
26926,4.0
12593,4.0
12564,4.0
26965,4.0
19868,4.0
18477,4.0
12189,4.0
26977,4.0
19815,4.0
19795,4.0
27082,4.0
27153,4.0
27166,4.0
26585,4.0
26559,4.0
27573,4.0
26546,4.0
27537,4.0
13099,4.0
19277,4.0
27527,4.0
26287,4.0
27526,4.0
18335,4.0
20181,4.0
27211,4.0
26450,4.0
27441,4.0
11926,4.0
26458,4.0
19484,4.0
20046,4.0
12960,4.0
26487,4.0
11988,4.0
26506,4.0
12894,4.0
27407,4.0
12090,4.0
19996,4.0
13673,4.0
22182,4.0
18123,4.0
23165,4.0
21716,4.0
21649,4.0
21644,4.0
17063,4.0
23665,4.0
17066,4.0
17072,4.0
21619,4.0
23669,4.0
15565,4.0
17114,4.0
23694,4.0
23792,4.0
23802,4.0
23813,4.0
15361,4.0
23823,4.0
17128,4.0
17151,4.0
15284,4.0
23881,4.0
23915,4.0
17167,4.0
21594,4.0
24143,4.0
24160,4.0
17253,4.0
17256,4.0
15153,4.0
23180,4.0
23158,4.0
15048,4.0
23113,4.0
22191,4.0
16561,4.0
16550,4.0
22335,4.0
22378,4.0
16307,4.0
22435,4.0
22572,4.0
16262,4.0
16653,4.0
22589,4.0
22076,4.0
16715,4.0
22622,4.0
22656,4.0
22660,4.0
16788,4.0
16790,4.0
16848,4.0
22783,4.0
15943,4.0
16871,4.0
22900,4.0
22934,4.0
21958,4.0
15834,4.0
23037,4.0
15687,4.0
23058,4.0
24186,4.0
24188,4.0
13752,4.0
25120,4.0
17652,4.0
25216,4.0
14243,4.0
14212,4.0
20966,4.0
14142,4.0
25376,4.0
17756,4.0
14075,4.0
17757,4.0
14026,4.0
14010,4.0
20806,4.0
17794,4.0
13932,4.0
20793,4.0
17874,4.0
17895,4.0
25611,4.0
17948,4.0
25653,4.0
18007,4.0
25715,4.0
13816,4.0
20386,4.0
25734,4.0
25742,4.0
25744,4.0
18071,4.0
25207,4.0
21024,4.0
24198,4.0
21044,4.0
21440,4.0
21384,4.0
21280,4.0
14862,4.0
24310,4.0
24383,4.0
14786,4.0
14783,4.0
14779,4.0
17356,4.0
14767,4.0
24484,4.0
17389,4.0
24587,4.0
21155,4.0
21154,4.0
24617,4.0
14643,4.0
24623,4.0
14603,4.0
17423,4.0
24800,4.0
24822,4.0
14443,4.0
14440,4.0
17464,4.0
21098,4.0
17517,4.0
24894,4.0
27959,4.0
38370,4.0
28006,4.0
31528,4.0
34081,4.0
4334,4.0
34010,4.0
4417,4.0
33805,4.0
33766,4.0
4568,4.0
33698,4.0
33679,4.0
33566,4.0
33532,4.0
33498,4.0
33482,4.0
4929,4.0
33364,4.0
33344,4.0
5056,4.0
33217,4.0
33202,4.0
34082,4.0
4278,4.0
34109,4.0
34672,4.0
34901,4.0
34892,4.0
3902,4.0
34827,4.0
34817,4.0
34813,4.0
34745,4.0
34685,4.0
4042,4.0
34115,4.0
34592,4.0
34548,4.0
34491,4.0
34480,4.0
34327,4.0
34257,4.0
34220,4.0
4222,4.0
33188,4.0
5145,4.0
5158,4.0
7110,4.0
6880,4.0
6885,4.0
31906,4.0
31905,4.0
6975,4.0
31840,4.0
6990,4.0
7011,4.0
7124,4.0
32107,4.0
7297,4.0
31749,4.0
31657,4.0
31645,4.0
31639,4.0
31612,4.0
7397,4.0
7410,4.0
31912,4.0
32178,4.0
33164,4.0
5951,4.0
33028,4.0
5459,4.0
5570,4.0
5648,4.0
32829,4.0
32766,4.0
5866,4.0
32736,4.0
32665,4.0
32205,4.0
6014,4.0
32506,4.0
32415,4.0
32412,4.0
32392,4.0
32289,4.0
32237,4.0
32220,4.0
3666,4.0
34905,4.0
34911,4.0
36835,4.0
37240,4.0
37176,4.0
37134,4.0
1179,4.0
36981,4.0
36976,4.0
36918,4.0
36913,4.0
36796,4.0
37397,4.0
36772,4.0
1677,4.0
36728,4.0
1753,4.0
36674,4.0
36643,4.0
1787,4.0
1802,4.0
1002,4.0
37517,4.0
36548,4.0
38099,4.0
51,4.0
38355,4.0
38350,4.0
38218,4.0
38154,4.0
388,4.0
38143,4.0
38121,4.0
509,4.0
37563,4.0
38080,4.0
521,4.0
38003,4.0
37855,4.0
37851,4.0
37842,4.0
37718,4.0
37572,4.0
1812,4.0
36487,4.0
3579,4.0
35172,4.0
35551,4.0
35538,4.0
2955,4.0
3142,4.0
35250,4.0
35234,4.0
35200,4.0
3335,4.0
3356,4.0
2808,4.0
35164,4.0
3401,4.0
35101,4.0
35024,4.0
34981,4.0
34966,4.0
3526,4.0
34960,4.0
35557,4.0
2689,4.0
36482,4.0
2063,4.0
36468,4.0
36404,4.0
36399,4.0
36394,4.0
36356,4.0
36318,4.0
36309,4.0
36252,4.0
2079,4.0
35710,4.0
2086,4.0
36185,4.0
2225,4.0
36049,4.0
35912,4.0
2445,4.0
35882,4.0
35800,4.0
7435,4.0
32912,4.0
10015,4.0
8142,4.0
30768,4.0
10575,4.0
8650,4.0
8679,4.0
30211,4.0
28225,4.0
8092,4.0
30051,4.0
8730,4.0
30779,4.0
29976,4.0
8860,4.0
30791,4.0
29951,4.0
8956,4.0
30863,4.0
11010,4.0
30300,4.0
30342,4.0
28141,4.0
8206,4.0
10762,4.0
8376,4.0
30608,4.0
28497,4.0
10748,4.0
28512,4.0
30633,4.0
30595,4.0
10830,4.0
29053,4.0
30652,4.0
30405,4.0
28364,4.0
28518,4.0
30347,4.0
30753,4.0
28524,4.0
10495,4.0
7961,4.0
10431,4.0
29747,4.0
11124,4.0
9244,4.0
31290,4.0
11133,4.0
9286,4.0
28920,4.0
9307,4.0
31302,4.0
31319,4.0
31384,4.0
29510,4.0
29427,4.0
28990,4.0
29019,4.0
29135,4.0
28019,4.0
9675,4.0
29692,4.0
28026,4.0
28464,4.0
30869,4.0
30926,4.0
30985,4.0
28115,4.0
10391,4.0
31048,4.0
28668,4.0
28098,4.0
29787,4.0
28131,4.0
11102,4.0
18932,4.0
28673,4.0
31110,4.0
11044,4.0
20416,3.857142857142857
19957,3.857142857142857
12538,3.8333333333333335
18081,3.8333333333333335
18590,3.8333333333333335
13718,3.8
4936,3.8
17558,3.8
15807,3.8
27331,3.8
72,3.8
20142,3.7777777777777777
21900,3.75
24187,3.75
7043,3.75
16657,3.75
2424,3.75
21979,3.75
31607,3.75
8058,3.75
8365,3.75
5215,3.75
21596,3.75
10661,3.7142857142857144
3629,3.6666666666666665
2379,3.6666666666666665
4374,3.6666666666666665
12481,3.6666666666666665
19758,3.6666666666666665
11419,3.6666666666666665
21537,3.6666666666666665
4071,3.6666666666666665
19339,3.6666666666666665
22061,3.6666666666666665
21946,3.6666666666666665
17243,3.6666666666666665
12626,3.6666666666666665
13058,3.6666666666666665
35134,3.6666666666666665
110,3.6666666666666665
4433,3.6666666666666665
261,3.6666666666666665
16880,3.6666666666666665
2546,3.6666666666666665
3802,3.6666666666666665
16250,3.6666666666666665
824,3.6666666666666665
20247,3.6666666666666665
27187,3.6666666666666665
10858,3.6666666666666665
11669,3.6666666666666665
8138,3.6666666666666665
4637,3.6666666666666665
18419,3.6666666666666665
15003,3.6363636363636362
17581,3.625
3403,3.625
12989,3.625
16708,3.6
4100,3.6
20418,3.6
18802,3.6
20684,3.6
14411,3.6
6243,3.6
11282,3.6
9422,3.6
7662,3.5833333333333335
22121,3.5833333333333335
19180,3.5714285714285716
2977,3.5714285714285716
7002,3.5454545454545454
19346,3.5
27517,3.5
21175,3.5
1373,3.5
10824,3.5
35480,3.5
2171,3.5
2963,3.5
26943,3.5
3064,3.5
28504,3.5
28569,3.5
35402,3.5
20740,3.5
18553,3.5
28163,3.5
17247,3.5
10735,3.5
10815,3.5
17220,3.5
26968,3.5
20248,3.5
26586,3.5
18086,3.5
12775,3.5
2183,3.5
2527,3.5
17802,3.5
20441,3.5
18440,3.5
19218,3.5
19892,3.5
2253,3.5
17690,3.5
28273,3.5
18469,3.5
28341,3.5
28104,3.5
27035,3.5
12465,3.5
27303,3.5
28022,3.5
28932,3.5
26658,3.5
28970,3.5
27401,3.5
1301,3.5
18349,3.5
7643,3.5
26556,3.5
14691,3.5
29070,3.5
14021,3.5
5101,3.5
25841,3.5
23019,3.5
30906,3.5
25862,3.5
24403,3.5
4979,3.5
13533,3.5
26031,3.5
8535,3.5
22706,3.5
16023,3.5
25359,3.5
7802,3.5
14648,3.5
8635,3.5
22605,3.5
23865,3.5
6816,3.5
5128,3.5
24245,3.5
13707,3.5
15259,3.5
15446,3.5
32433,3.5
15492,3.5
8312,3.5
30653,3.5
24171,3.5
32377,3.5
13772,3.5
5621,3.5
32887,3.5
15589,3.5
8015,3.5
15078,3.5
6542,3.5
5318,3.5
25544,3.5
5186,3.5
23163,3.5
16194,3.5
16190,3.5
33851,3.5
24642,3.5
13067,3.5
8827,3.5
13043,3.5
24668,3.5
3888,3.5
21959,3.5
7734,3.5
7599,3.5
3647,3.5
21904,3.5
7706,3.5
21849,3.5
13003,3.5
29295,3.5
29213,3.5
26468,3.5
9760,3.5
29124,3.5
31517,3.5
29604,3.5
6187,3.5
26259,3.5
9072,3.5
16507,3.5
13321,3.5
26145,3.5
7770,3.5
7241,3.5
34150,3.5
16689,3.5
29936,3.5
22201,3.5
13180,3.5
26203,3.5
16624,3.5
29759,3.5
22103,3.5
13147,3.5
543,3.4545454545454546
17745,3.4444444444444446
1383,3.4375
7724,3.4285714285714284
3613,3.4285714285714284
19071,3.4285714285714284
20469,3.4285714285714284
9864,3.4285714285714284
7750,3.4
24108,3.4
7864,3.4
7948,3.4
10736,3.4
5959,3.4
20249,3.4
16964,3.4
10392,3.4
20566,3.4
12399,3.4
25865,3.4
22984,3.4
20320,3.4
23045,3.4
28031,3.4
1421,3.4
5748,3.4
23719,3.4
23073,3.3333333333333335
28881,3.3333333333333335
21493,3.3333333333333335
24887,3.3333333333333335
24942,3.3333333333333335
31570,3.3333333333333335
21379,3.3333333333333335
20086,3.3333333333333335
24825,3.3333333333333335
26590,3.3333333333333335
28964,3.3333333333333335
26397,3.3333333333333335
26814,3.3333333333333335
22297,3.3333333333333335
19864,3.3333333333333335
24621,3.3333333333333335
28420,3.3333333333333335
20470,3.3333333333333335
23795,3.3333333333333335
19538,3.3333333333333335
27927,3.3333333333333335
20385,3.3333333333333335
23040,3.3333333333333335
20340,3.3333333333333335
23468,3.3333333333333335
22809,3.3333333333333335
22189,3.3333333333333335
16814,3.3333333333333335
13488,3.3333333333333335
13376,3.3333333333333335
681,3.3333333333333335
16266,3.3333333333333335
11094,3.3333333333333335
11495,3.3333333333333335
13117,3.3333333333333335
3459,3.3333333333333335
16633,3.3333333333333335
13029,3.3333333333333335
8521,3.3333333333333335
8566,3.3333333333333335
12728,3.3333333333333335
2640,3.3333333333333335
2349,3.3333333333333335
9103,3.3333333333333335
2007,3.3333333333333335
1989,3.3333333333333335
17798,3.3333333333333335
12274,3.3333333333333335
17854,3.3333333333333335
12182,3.3333333333333335
17949,3.3333333333333335
18255,3.3333333333333335
10614,3.3333333333333335
8303,3.3333333333333335
15942,3.3333333333333335
5184,3.3333333333333335
383,3.3333333333333335
14836,3.3333333333333335
18794,3.3333333333333335
14055,3.3333333333333335
14148,3.3333333333333335
13815,3.3333333333333335
13929,3.3333333333333335
15261,3.3333333333333335
15855,3.3333333333333335
7642,3.3333333333333335
516,3.303030303030303
2304,3.3
1729,3.2857142857142856
54,3.2857142857142856
1942,3.2857142857142856
20344,3.2857142857142856
12776,3.2857142857142856
967,3.2777777777777777
1817,3.259259259259259
1936,3.25
14472,3.25
27295,3.25
9449,3.25
24048,3.25
12156,3.25
4467,3.25
23901,3.25
4757,3.25
25846,3.25
4384,3.25
26526,3.25
25496,3.25
8400,3.25
22259,3.25
16559,3.25
31502,3.25
8115,3.25
22486,3.25
22981,3.25
7887,3.25
1262,3.25
18924,3.25
19060,3.25
18575,3.25
19191,3.25
290,3.25
532,3.25
2858,3.2222222222222223
17056,3.2222222222222223
15474,3.2
20445,3.2
12847,3.2
1813,3.2
6337,3.2
13107,3.2
4571,3.2
18133,3.2
15052,3.2
22054,3.2
7442,3.2
7528,3.2
10310,3.2
24762,3.2
12620,3.2
10012,3.2
21555,3.2
17135,3.2
559,3.2
9780,3.1818181818181817
15384,3.1666666666666665
6404,3.1666666666666665
16100,3.1666666666666665
1868,3.1666666666666665
12425,3.1666666666666665
17394,3.1666666666666665
1376,3.1666666666666665
21930,3.1666666666666665
7023,3.1666666666666665
3394,3.1666666666666665
27687,3.1666666666666665
12475,3.1666666666666665
12820,3.1666666666666665
7492,3.1666666666666665
1416,3.15
5601,3.142857142857143
12273,3.142857142857143
4935,3.142857142857143
12815,3.142857142857143
10634,3.142857142857143
3181,3.142857142857143
4364,3.125
12130,3.125
2435,3.111111111111111
3922,3.1052631578947367
6330,3.1
6098,3.1
4247,3.1
26,3.090909090909091
4761,3.090909090909091
5616,3.0833333333333335
2353,3.0625
5376,3.0588235294117645
31744,3.0
31575,3.0
31591,3.0
31729,3.0
7414,3.0
31611,3.0
7364,3.0
31614,3.0
31623,3.0
7358,3.0
7352,3.0
31655,3.0
7334,3.0
7321,3.0
31716,3.0
31721,3.0
29025,3.0
7580,3.0
10698,3.0
31562,3.0
31317,3.0
31303,3.0
7691,3.0
7694,3.0
31297,3.0
7736,3.0
31286,3.0
31280,3.0
31212,3.0
31117,3.0
7790,3.0
31109,3.0
7797,3.0
31088,3.0
31050,3.0
7813,3.0
31041,3.0
7688,3.0
7686,3.0
28548,3.0
31438,3.0
31507,3.0
31506,3.0
31505,3.0
10686,3.0
7545,3.0
31462,3.0
31451,3.0
31751,3.0
31338,3.0
10629,3.0
31418,3.0
28547,3.0
31417,3.0
31392,3.0
7671,3.0
31349,3.0
7308,3.0
31875,3.0
10752,3.0
32353,3.0
28408,3.0
32417,3.0
6331,3.0
32403,3.0
6379,3.0
32376,3.0
32356,3.0
6428,3.0
32434,3.0
32314,3.0
32306,3.0
6430,3.0
32296,3.0
6457,3.0
6468,3.0
6477,3.0
6326,3.0
32435,3.0
6519,3.0
32551,3.0
32734,3.0
32731,3.0
32719,3.0
32718,3.0
5991,3.0
32657,3.0
32623,3.0
6053,3.0
32440,3.0
32544,3.0
32520,3.0
32513,3.0
28371,3.0
6158,3.0
32487,3.0
6251,3.0
32213,3.0
6583,3.0
31754,3.0
31818,3.0
6911,3.0
6922,3.0
10784,3.0
6934,3.0
31891,3.0
28557,3.0
6981,3.0
31814,3.0
6844,3.0
28471,3.0
28490,3.0
7025,3.0
31800,3.0
7078,3.0
31777,3.0
7141,3.0
31911,3.0
31958,3.0
6610,3.0
32097,3.0
32176,3.0
32174,3.0
32167,3.0
32150,3.0
32119,3.0
6655,3.0
28419,3.0
6671,3.0
31984,3.0
6713,3.0
32020,3.0
10841,3.0
6766,3.0
28455,3.0
10820,3.0
32001,3.0
31038,3.0
8035,3.0
7873,3.0
29772,3.0
9105,3.0
29758,3.0
9163,3.0
9193,3.0
9205,3.0
29648,3.0
29647,3.0
28841,3.0
29627,3.0
10234,3.0
28892,3.0
9292,3.0
9293,3.0
29601,3.0
29598,3.0
28894,3.0
10229,3.0
29764,3.0
10243,3.0
29978,3.0
29773,3.0
8760,3.0
8896,3.0
29946,3.0
29937,3.0
9004,3.0
29932,3.0
29921,3.0
29904,3.0
9057,3.0
28819,3.0
29890,3.0
9077,3.0
29854,3.0
29824,3.0
29806,3.0
29796,3.0
28826,3.0
29581,3.0
9294,3.0
29575,3.0
28926,3.0
29249,3.0
29234,3.0
10125,3.0
29215,3.0
9468,3.0
9491,3.0
9642,3.0
29130,3.0
29094,3.0
29091,3.0
9963,3.0
28991,3.0
10100,3.0
10053,3.0
29036,3.0
29033,3.0
29032,3.0
29261,3.0
10149,3.0
9445,3.0
9363,3.0
10194,3.0
29568,3.0
29514,3.0
28950,3.0
9316,3.0
9334,3.0
28957,3.0
10166,3.0
29350,3.0
28963,3.0
29456,3.0
29449,3.0
10165,3.0
29445,3.0
9409,3.0
29361,3.0
8743,3.0
30010,3.0
28562,3.0
8256,3.0
30742,3.0
8268,3.0
28570,3.0
28626,3.0
10460,3.0
28651,3.0
30686,3.0
30662,3.0
30661,3.0
28662,3.0
8319,3.0
8329,3.0
30638,3.0
30637,3.0
10343,3.0
8341,3.0
30621,3.0
30744,3.0
8231,3.0
30031,3.0
10517,3.0
30952,3.0
7889,3.0
10590,3.0
30915,3.0
7894,3.0
28568,3.0
30900,3.0
7914,3.0
7981,3.0
30807,3.0
30806,3.0
30795,3.0
7988,3.0
29028,3.0
30775,3.0
8050,3.0
30770,3.0
28669,3.0
30606,3.0
8403,3.0
30548,3.0
28719,3.0
10291,3.0
8599,3.0
30276,3.0
10262,3.0
30275,3.0
8602,3.0
30234,3.0
8700,3.0
8707,3.0
30163,3.0
30128,3.0
30127,3.0
28792,3.0
30110,3.0
8709,3.0
30035,3.0
8541,3.0
28710,3.0
30372,3.0
30462,3.0
30538,3.0
8413,3.0
32742,3.0
30513,3.0
30498,3.0
30492,3.0
30486,3.0
30444,3.0
30384,3.0
8438,3.0
30418,3.0
8489,3.0
30399,3.0
30397,3.0
30396,3.0
30395,3.0
5947,3.0
33286,3.0
5813,3.0
35888,3.0
36187,3.0
2138,3.0
36168,3.0
36109,3.0
2341,3.0
36091,3.0
36082,3.0
36071,3.0
36068,3.0
2343,3.0
2348,3.0
36037,3.0
36035,3.0
36001,3.0
2417,3.0
35956,3.0
2422,3.0
35913,3.0
35900,3.0
36188,3.0
36192,3.0
36196,3.0
36338,3.0
1863,3.0
36415,3.0
1925,3.0
36371,3.0
36363,3.0
36358,3.0
1966,3.0
36348,3.0
36329,3.0
2072,3.0
1975,3.0
36310,3.0
36305,3.0
2039,3.0
36285,3.0
36283,3.0
36276,3.0
2041,3.0
35894,3.0
2555,3.0
1827,3.0
35881,3.0
2953,3.0
3015,3.0
3143,3.0
35384,3.0
35352,3.0
35314,3.0
35289,3.0
35287,3.0
3183,3.0
3242,3.0
35243,3.0
3300,3.0
35215,3.0
35210,3.0
3334,3.0
3338,3.0
35176,3.0
3347,3.0
35166,3.0
2938,3.0
35493,3.0
35501,3.0
2724,3.0
35855,3.0
35832,3.0
2601,3.0
35753,3.0
2676,3.0
35688,3.0
35682,3.0
35681,3.0
2853,3.0
35526,3.0
35643,3.0
35623,3.0
35622,3.0
35615,3.0
35579,3.0
35562,3.0
2895,3.0
2926,3.0
1854,3.0
36497,3.0
5790,3.0
37424,3.0
37769,3.0
37768,3.0
731,3.0
37717,3.0
37716,3.0
37697,3.0
737,3.0
37652,3.0
37632,3.0
37623,3.0
37600,3.0
761,3.0
37565,3.0
811,3.0
37558,3.0
37538,3.0
866,3.0
881,3.0
37508,3.0
710,3.0
37829,3.0
707,3.0
419,3.0
115,3.0
129,3.0
38303,3.0
38292,3.0
294,3.0
38148,3.0
403,3.0
38124,3.0
502,3.0
706,3.0
38049,3.0
38030,3.0
527,3.0
38007,3.0
37978,3.0
37958,3.0
37898,3.0
37893,3.0
37431,3.0
37422,3.0
36517,3.0
37353,3.0
36862,3.0
1467,3.0
36810,3.0
1512,3.0
1623,3.0
36787,3.0
36782,3.0
36774,3.0
1625,3.0
1722,3.0
36729,3.0
36707,3.0
1766,3.0
36667,3.0
36665,3.0
1783,3.0
1785,3.0
36621,3.0
36546,3.0
1454,3.0
1448,3.0
36947,3.0
37125,3.0
37342,3.0
1004,3.0
37317,3.0
37245,3.0
1007,3.0
1016,3.0
37167,3.0
1018,3.0
37105,3.0
36991,3.0
37098,3.0
1122,3.0
37070,3.0
37062,3.0
37034,3.0
37019,3.0
36997,3.0
1253,3.0
3359,3.0
35159,3.0
35138,3.0
33423,3.0
33776,3.0
4440,3.0
33699,3.0
4626,3.0
33696,3.0
4667,3.0
33604,3.0
33583,3.0
4669,3.0
33538,3.0
4854,3.0
33519,3.0
33516,3.0
33513,3.0
4903,3.0
33492,3.0
4921,3.0
33440,3.0
33439,3.0
33783,3.0
33804,3.0
4432,3.0
34020,3.0
34072,3.0
34071,3.0
34062,3.0
34060,3.0
34053,3.0
34052,3.0
34034,3.0
34029,3.0
34018,3.0
33826,3.0
34011,3.0
33981,3.0
33955,3.0
33944,3.0
33942,3.0
33917,3.0
33899,3.0
33893,3.0
33426,3.0
33419,3.0
3444,3.0
33411,3.0
33172,3.0
5177,3.0
33139,3.0
33090,3.0
33087,3.0
33060,3.0
33031,3.0
5260,3.0
5279,3.0
5324,3.0
32962,3.0
32932,3.0
5389,3.0
32893,3.0
5602,3.0
32866,3.0
32863,3.0
32845,3.0
5736,3.0
5091,3.0
33191,3.0
33193,3.0
5047,3.0
33409,3.0
33402,3.0
33394,3.0
33390,3.0
33371,3.0
5008,3.0
33335,3.0
33329,3.0
5048,3.0
5086,3.0
28358,3.0
33267,3.0
33255,3.0
33248,3.0
33237,3.0
33233,3.0
5051,3.0
5066,3.0
34078,3.0
4314,3.0
4292,3.0
34086,3.0
3870,3.0
34877,3.0
34876,3.0
34870,3.0
34868,3.0
3905,3.0
34858,3.0
34845,3.0
34844,3.0
3921,3.0
3953,3.0
34810,3.0
34808,3.0
34747,3.0
3977,3.0
34728,3.0
3990,3.0
34697,3.0
3994,3.0
34895,3.0
3830,3.0
3665,3.0
3482,3.0
35097,3.0
35086,3.0
35078,3.0
35068,3.0
35067,3.0
3448,3.0
34996,3.0
34990,3.0
34978,3.0
3657,3.0
3493,3.0
34965,3.0
3578,3.0
34958,3.0
34951,3.0
3656,3.0
34932,3.0
34915,3.0
4019,3.0
34629,3.0
34614,3.0
4217,3.0
4179,3.0
34246,3.0
4189,3.0
34218,3.0
34213,3.0
34211,3.0
4202,3.0
34208,3.0
34145,3.0
34307,3.0
34134,3.0
34122,3.0
34117,3.0
4260,3.0
4261,3.0
34107,3.0
34096,3.0
4286,3.0
34271,3.0
34314,3.0
34596,3.0
34447,3.0
4055,3.0
34577,3.0
4089,3.0
34523,3.0
34502,3.0
4096,3.0
34487,3.0
4124,3.0
34416,3.0
34321,3.0
34379,3.0
34374,3.0
34367,3.0
34339,3.0
4148,3.0
34325,3.0
4153,3.0
34323,3.0
10846,3.0
11250,3.0
10873,3.0
16126,3.0
16206,3.0
22587,3.0
16263,3.0
22567,3.0
22549,3.0
22522,3.0
22516,3.0
22494,3.0
22491,3.0
22485,3.0
22482,3.0
22465,3.0
16285,3.0
22434,3.0
16298,3.0
22410,3.0
22408,3.0
22407,3.0
22399,3.0
16133,3.0
16124,3.0
15866,3.0
22652,3.0
15890,3.0
22834,3.0
22830,3.0
22804,3.0
15945,3.0
15994,3.0
22781,3.0
22768,3.0
22767,3.0
22747,3.0
22742,3.0
22724,3.0
22723,3.0
22717,3.0
16006,3.0
16039,3.0
22687,3.0
16076,3.0
16103,3.0
16426,3.0
22369,3.0
22365,3.0
22356,3.0
21986,3.0
21981,3.0
16869,3.0
16891,3.0
21953,3.0
16931,3.0
21921,3.0
16935,3.0
16941,3.0
16959,3.0
21864,3.0
21852,3.0
16967,3.0
16982,3.0
21836,3.0
16985,3.0
16986,3.0
21736,3.0
21720,3.0
16778,3.0
16774,3.0
22014,3.0
16575,3.0
16477,3.0
16523,3.0
22302,3.0
22298,3.0
22264,3.0
22215,3.0
22214,3.0
16566,3.0
16582,3.0
22038,3.0
16593,3.0
16617,3.0
16629,3.0
22106,3.0
16663,3.0
16667,3.0
22063,3.0
16748,3.0
22893,3.0
22911,3.0
21666,3.0
23989,3.0
23923,3.0
23903,3.0
15268,3.0
23876,3.0
23874,3.0
15279,3.0
23853,3.0
23852,3.0
23844,3.0
23838,3.0
15309,3.0
23821,3.0
23814,3.0
15369,3.0
15413,3.0
15425,3.0
23748,3.0
15517,3.0
15560,3.0
23947,3.0
23992,3.0
22961,3.0
24015,3.0
24243,3.0
24230,3.0
24214,3.0
24200,3.0
15004,3.0
15017,3.0
15147,3.0
15180,3.0
15184,3.0
24167,3.0
15189,3.0
24159,3.0
24151,3.0
15191,3.0
24139,3.0
15219,3.0
15230,3.0
15247,3.0
24032,3.0
23684,3.0
15562,3.0
15569,3.0
15602,3.0
15655,3.0
23145,3.0
15664,3.0
23090,3.0
15671,3.0
23064,3.0
15680,3.0
15709,3.0
15727,3.0
15754,3.0
23034,3.0
23029,3.0
23022,3.0
15780,3.0
23018,3.0
15805,3.0
23004,3.0
23002,3.0
15833,3.0
15654,3.0
15652,3.0
23170,3.0
23454,3.0
23640,3.0
23619,3.0
15614,3.0
23527,3.0
23485,3.0
15622,3.0
15631,3.0
15632,3.0
23436,3.0
23171,3.0
23408,3.0
23332,3.0
23285,3.0
23284,3.0
23283,3.0
23264,3.0
15633,3.0
15644,3.0
17012,3.0
21661,3.0
24262,3.0
20217,3.0
20182,3.0
18341,3.0
20176,3.0
20166,3.0
18361,3.0
18365,3.0
20138,3.0
18394,3.0
18431,3.0
20029,3.0
20022,3.0
18441,3.0
18447,3.0
18463,3.0
19956,3.0
18471,3.0
19883,3.0
18474,3.0
19866,3.0
20206,3.0
18340,3.0
18030,3.0
18330,3.0
18059,3.0
18117,3.0
20364,3.0
18176,3.0
18183,3.0
20314,3.0
20311,3.0
20306,3.0
18200,3.0
20294,3.0
18228,3.0
20286,3.0
18251,3.0
20261,3.0
18276,3.0
18285,3.0
18295,3.0
20246,3.0
18329,3.0
18493,3.0
19840,3.0
19831,3.0
18506,3.0
18758,3.0
19421,3.0
18763,3.0
18765,3.0
19304,3.0
19300,3.0
19288,3.0
18772,3.0
18791,3.0
19190,3.0
18804,3.0
19150,3.0
18819,3.0
18832,3.0
19089,3.0
18845,3.0
19048,3.0
18851,3.0
18999,3.0
19452,3.0
18750,3.0
19490,3.0
19593,3.0
18565,3.0
19777,3.0
19775,3.0
18581,3.0
19657,3.0
19642,3.0
18641,3.0
19629,3.0
19578,3.0
18721,3.0
19567,3.0
19561,3.0
18703,3.0
19553,3.0
19552,3.0
19539,3.0
18707,3.0
18718,3.0
18035,3.0
17996,3.0
21657,3.0
21356,3.0
21323,3.0
17303,3.0
17305,3.0
21251,3.0
21213,3.0
21191,3.0
17330,3.0
17405,3.0
17411,3.0
17417,3.0
21113,3.0
17495,3.0
21092,3.0
21074,3.0
21066,3.0
17520,3.0
17648,3.0
21023,3.0
21022,3.0
17302,3.0
21374,3.0
20435,3.0
21375,3.0
17062,3.0
21641,3.0
21637,3.0
21624,3.0
17110,3.0
17122,3.0
17169,3.0
17173,3.0
21574,3.0
21566,3.0
17197,3.0
21497,3.0
17231,3.0
17261,3.0
21410,3.0
21403,3.0
17264,3.0
17277,3.0
17285,3.0
21020,3.0
21016,3.0
17710,3.0
20998,3.0
20678,3.0
20677,3.0
20653,3.0
20646,3.0
17932,3.0
20628,3.0
20615,3.0
20587,3.0
20586,3.0
17934,3.0
20563,3.0
20553,3.0
20526,3.0
20496,3.0
17945,3.0
20449,3.0
20443,3.0
20442,3.0
17980,3.0
17886,3.0
17877,3.0
20726,3.0
20875,3.0
17726,3.0
20988,3.0
20980,3.0
20979,3.0
17732,3.0
20961,3.0
20930,3.0
20884,3.0
20874,3.0
20757,3.0
17736,3.0
17776,3.0
20795,3.0
20785,3.0
20777,3.0
20773,3.0
20767,3.0
20763,3.0
14998,3.0
24272,3.0
28295,3.0
26836,3.0
12639,3.0
12641,3.0
26799,3.0
26781,3.0
26778,3.0
26777,3.0
26761,3.0
26747,3.0
26744,3.0
26719,3.0
26709,3.0
26706,3.0
26687,3.0
26683,3.0
12704,3.0
26667,3.0
26666,3.0
26659,3.0
12706,3.0
26821,3.0
26842,3.0
27139,3.0
26850,3.0
12298,3.0
27105,3.0
12302,3.0
27052,3.0
12339,3.0
27026,3.0
27020,3.0
27015,3.0
12396,3.0
26997,3.0
12464,3.0
12550,3.0
12584,3.0
12603,3.0
26915,3.0
26909,3.0
26903,3.0
26898,3.0
26858,3.0
26656,3.0
26646,3.0
26638,3.0
12733,3.0
26334,3.0
26331,3.0
26320,3.0
26308,3.0
26305,3.0
13037,3.0
13087,3.0
26275,3.0
26271,3.0
13098,3.0
26232,3.0
13131,3.0
26204,3.0
13134,3.0
13168,3.0
26171,3.0
26166,3.0
13175,3.0
26156,3.0
26349,3.0
26358,3.0
26380,3.0
12907,3.0
12819,3.0
26572,3.0
26570,3.0
26557,3.0
26551,3.0
26548,3.0
12879,3.0
26510,3.0
26497,3.0
26390,3.0
26496,3.0
12942,3.0
12963,3.0
12999,3.0
13024,3.0
26427,3.0
26409,3.0
13035,3.0
27127,3.0
27150,3.0
26148,3.0
11157,3.0
11159,3.0
11215,3.0
27987,3.0
27971,3.0
11218,3.0
27962,3.0
18858,3.0
27955,3.0
27950,3.0
11270,3.0
27913,3.0
27911,3.0
27900,3.0
27898,3.0
27893,3.0
11301,3.0
11313,3.0
11329,3.0
27826,3.0
28020,3.0
11123,3.0
12256,3.0
11118,3.0
28284,3.0
28281,3.0
10913,3.0
28271,3.0
10916,3.0
28215,3.0
28210,3.0
28205,3.0
28203,3.0
10950,3.0
11036,3.0
28132,3.0
11038,3.0
28117,3.0
11052,3.0
28107,3.0
11074,3.0
11084,3.0
28055,3.0
27815,3.0
11354,3.0
27744,3.0
27739,3.0
27429,3.0
27418,3.0
12011,3.0
27406,3.0
12029,3.0
27400,3.0
12097,3.0
27380,3.0
27355,3.0
27342,3.0
27333,3.0
12136,3.0
27299,3.0
27277,3.0
27274,3.0
12194,3.0
27248,3.0
27240,3.0
12241,3.0
11915,3.0
27502,3.0
11902,3.0
27608,3.0
11355,3.0
27700,3.0
27699,3.0
27670,3.0
11356,3.0
27645,3.0
11381,3.0
27626,3.0
27596,3.0
27520,3.0
27584,3.0
27574,3.0
11544,3.0
27543,3.0
27538,3.0
11550,3.0
11616,3.0
11839,3.0
13242,3.0
26147,3.0
24299,3.0
14314,3.0
14367,3.0
24881,3.0
24874,3.0
24847,3.0
14392,3.0
14423,3.0
14439,3.0
14500,3.0
24820,3.0
24817,3.0
24807,3.0
24804,3.0
14501,3.0
24781,3.0
24776,3.0
24758,3.0
14513,3.0
24732,3.0
24725,3.0
14351,3.0
24940,3.0
25235,3.0
14294,3.0
14248,3.0
25178,3.0
14267,3.0
25160,3.0
25149,3.0
14281,3.0
25116,3.0
25106,3.0
25098,3.0
25091,3.0
25041,3.0
25013,3.0
25005,3.0
24989,3.0
24988,3.0
24972,3.0
24960,3.0
24954,3.0
14286,3.0
24716,3.0
24703,3.0
24695,3.0
24687,3.0
24468,3.0
24467,3.0
24461,3.0
24450,3.0
24440,3.0
24436,3.0
24413,3.0
14757,3.0
24402,3.0
24400,3.0
24396,3.0
24390,3.0
24389,3.0
24370,3.0
24357,3.0
24343,3.0
24340,3.0
14838,3.0
24308,3.0
24476,3.0
24479,3.0
14716,3.0
14646,3.0
24681,3.0
14564,3.0
24666,3.0
24647,3.0
14599,3.0
14608,3.0
14624,3.0
24619,3.0
24608,3.0
24496,3.0
14658,3.0
24580,3.0
24572,3.0
24557,3.0
24543,3.0
24538,3.0
24518,3.0
14688,3.0
14247,3.0
14121,3.0
13304,3.0
13532,3.0
25972,3.0
13577,3.0
25952,3.0
13602,3.0
25938,3.0
25924,3.0
25922,3.0
25897,3.0
13616,3.0
13653,3.0
25852,3.0
25848,3.0
25847,3.0
13690,3.0
13730,3.0
25827,3.0
25817,3.0
25811,3.0
25801,3.0
25979,3.0
13526,3.0
25341,3.0
13433,3.0
26138,3.0
26134,3.0
13364,3.0
26128,3.0
26124,3.0
26114,3.0
26110,3.0
26108,3.0
13373,3.0
26099,3.0
26076,3.0
13380,3.0
26040,3.0
13389,3.0
26029,3.0
26028,3.0
26006,3.0
25998,3.0
13403,3.0
25781,3.0
25777,3.0
25768,3.0
13765,3.0
13913,3.0
13959,3.0
25566,3.0
25565,3.0
13990,3.0
25549,3.0
14005,3.0
25479,3.0
25459,3.0
25450,3.0
25437,3.0
14080,3.0
25429,3.0
25425,3.0
14099,3.0
14111,3.0
25374,3.0
25365,3.0
14112,3.0
25585,3.0
25588,3.0
13898,3.0
25654,3.0
25760,3.0
13791,3.0
13802,3.0
25736,3.0
25718,3.0
13822,3.0
25683,3.0
25669,3.0
13829,3.0
13870,3.0
25648,3.0
25640,3.0
13832,3.0
25637,3.0
25634,3.0
25630,3.0
13847,3.0
25624,3.0
14,3.0
